Event,Time
LittleStateStart,0
StartLevel,0
BlockCoinDestroy,94
BlockCoinDestroy,99
RightMoveStart,101
BlockPowerDestroy,151
BlockCoinDestroy,180
JumpStart,195
JumpEnd,203
JumpStart,210
LeftMoveStart,216
JumpEnd,226
JumpStart,230
BlockPowerDestroy,233
LeftMoveStart,238
JumpEnd,240
StompKillGreenKoopa,240
JumpStart,248
UnleashShell,250
BlockPowerDestroy,251
RightMoveEnd,252
JumpEnd,256
RightMoveStart,257
JumpStart,266
LargeStateStart,269
LittleStateEnd,269
LeftMoveEnd,278
ShellKillGoomba,290
JumpEnd,302
StompKillGreenKoopa,311
JumpStart,318
UnleashShell,321
RightMoveEnd,333
LeftMoveStart,337
StompKillGreenKoopa,339
JumpEnd,349
UnleashShell,349
LargeStateEnd,353
LittleStateStart,353
ShellKillGoomba,362
LeftMoveEnd,367
RightMoveEnd,388
RightMoveStart,388
ShellKillGoomba,390
LeftMoveStart,433
LeftMoveEnd,436
BlockCoinDestroy,440
RightMoveStart,453
LeftMoveEnd,467
JumpStart,468
JumpEnd,478
LeftMoveEnd,486
RightMoveEnd,487
LeftMoveStart,498
BlockPowerDestroy,503
BlockPowerDestroy,506
RightMoveStart,511
JumpStart,519
JumpEnd,527
JumpStart,535
LeftMoveStart,540
LeftMoveEnd,548
LeftMoveStart,550
JumpEnd,551
RightMoveEnd,562
RightMoveStart,562
RightMoveEnd,563
LeftMoveEnd,569
LeftMoveEnd,575
LeftMoveStart,581
JumpStart,588
LeftMoveEnd,589
BlockPowerDestroy,595
LeftMoveStart,596
RightMoveEnd,597
JumpEnd,598
JumpStart,610
RightMoveStart,620
JumpEnd,623
LeftMoveEnd,624
RightMoveEnd,631
LeftMoveEnd,634
JumpStart,639
JumpEnd,649
LeftMoveStart,652
LargeStateStart,660
LittleStateEnd,660
StartLevel,681
RightMoveStart,684
JumpStart,687
JumpEnd,703
RightMoveEnd,709
JumpStart,730
LittleStateStart,730
RightMoveStart,736
LeftMoveEnd,739
RightMoveStart,742
JumpEnd,746
LeftMoveStart,746
RightMoveStart,754
JumpStart,760
RightMoveStart,760
LittleStateStart,761
StartLevel,761
RightMoveStart,762
RightMoveStart,764
RightMoveEnd,765
RightMoveStart,766
RightMoveEnd,767
RightMoveEnd,767
RightMoveStart,768
RightMoveEnd,769
JumpEnd,770
RightMoveEnd,771
RightMoveStart,781
RightMoveEnd,786
LeftMoveStart,796
RightMoveEnd,801
RightMoveEnd,805
JumpStart,822
JumpEnd,836
LeftMoveEnd,847
LeftMoveEnd,855
LargeStateEnd,857
JumpStart,875
LittleStateStart,875
StartLevel,875
JumpEnd,883
RightMoveStart,890
LeftMoveStart,898
JumpStart,903
JumpEnd,913
JumpStart,917
RightMoveEnd,919
RightMoveStart,929
JumpEnd,934
JumpStart,935
JumpEnd,943
LeftMoveStart,961
JumpStart,966
JumpEnd,976
JumpStart,984
JumpStart,984
RightMoveStart,989
JumpEnd,992
JumpEnd,994
LeftMoveStart,1006
JumpStart,1011
LeftMoveStart,1017
JumpEnd,1021
JumpStart,1027
JumpStart,1027
RightMoveStart,1029
RightMoveStart,1033
JumpEnd,1035
RightMoveStart,1038
JumpEnd,1040
JumpStart,1041
JumpEnd,1049
LeftMoveEnd,1051
LeftMoveStart,1057
LargeStateStart,1058
LittleStateEnd,1058
RightMoveStart,1058
RightMoveEnd,1061
JumpStart,1063
RightMoveStart,1065
LargeStateStart,1067
LittleStateEnd,1067
RightMoveEnd,1076
LeftMoveEnd,1084
JumpStart,1087
RightMoveEnd,1091
JumpEnd,1094
JumpStart,1097
RightMoveStart,1100
JumpEnd,1103
JumpStart,1108
RightMoveEnd,1108
LeftMoveEnd,1110
JumpEnd,1111
JumpStart,1122
LeftMoveStart,1122
RightMoveEnd,1126
JumpEnd,1138
LeftMoveStart,1139
LargeStateEnd,1140
LittleStateStart,1140
RightMoveEnd,1150
JumpEnd,1153
LargeStateEnd,1154
LittleStateStart,1154
RightMoveStart,1168
RightMoveEnd,1173
RightMoveStart,1177
RightMoveEnd,1180
JumpStart,1204
JumpEnd,1214
JumpStart,1217
JumpStart,1218
RightMoveStart,1223
RightMoveStart,1225
JumpEnd,1228
RightMoveStart,1233
JumpEnd,1234
LeftMoveStart,1254
JumpStart,1257
LeftMoveEnd,1258
LeftMoveStart,1262
RightMoveEnd,1263
LeftMoveStart,1265
JumpEnd,1267
RightMoveEnd,1270
LeftMoveEnd,1272
JumpStart,1273
JumpStart,1279
JumpEnd,1283
RightMoveStart,1288
RightMoveStart,1290
JumpEnd,1293
LeftMoveEnd,1298
RightMoveEnd,1299
RightMoveStart,1309
LeftMoveStart,1317
RightMoveEnd,1318
RightMoveEnd,1318
LargeStateStart,1320
LittleStateEnd,1320
JumpStart,1322
JumpStart,1330
JumpEnd,1338
JumpStart,1339
RightMoveEnd,1342
JumpEnd,1344
RightMoveEnd,1344
JumpEnd,1353
JumpStart,1353
JumpEnd,1361
LeftMoveStart,1370
JumpStart,1374
LeftMoveStart,1382
JumpEnd,1384
JumpStart,1390
LeftMoveEnd,1392
LeftMoveEnd,1394
JumpStart,1396
JumpEnd,1400
JumpEnd,1404
RightMoveStart,1404
JumpStart,1414
LeftMoveEnd,1415
LargeStateStart,1417
LittleStateEnd,1417
LargeStateEnd,1424
LeftMoveEnd,1431
LittleStateEnd,1442
JumpEnd,1447
RightMoveEnd,1453
JumpStart,1482
JumpStart,1484
LeftMoveEnd,1489
JumpEnd,1494
JumpEnd,1504
LeftMoveStart,1504
JumpStart,1584
JumpEnd,1594
RightMoveEnd,1598
LargeStateEnd,1618
LeftMoveEnd,1674
JumpStart,1710
DeathByGap,1732
JumpEnd,1732
DeathByGap,2307
DeathByGap,2563
LostLevel,2716
