Event,Time
LittleStateStart,0
StartLevel,0
RightMoveStart,50
LeftMoveStart,74
JumpStart,82
JumpEnd,94
RightMoveStart,97
JumpStart,106
JumpEnd,118
BlockCoinDestroy,119
JumpStart,134
RightMoveEnd,140
JumpEnd,142
LeftMoveStart,143
RightMoveStart,146
BlockCoinDestroy,156
JumpStart,162
JumpEnd,170
JumpStart,171
JumpEnd,179
LeftMoveEnd,183
RightMoveEnd,189
JumpStart,190
LeftMoveStart,193
LeftMoveStart,205
JumpEnd,206
RightMoveStart,212
LeftMoveEnd,214
LeftMoveEnd,223
JumpStart,226
LeftMoveStart,227
JumpEnd,236
RightMoveEnd,241
JumpStart,247
LeftMoveEnd,252
RightMoveStart,253
BlockCoinDestroy,254
RightMoveStart,255
RightMoveStart,257
RightMoveEnd,258
RightMoveEnd,260
JumpEnd,261
RightMoveStart,263
JumpStart,269
LeftMoveEnd,274
JumpEnd,277
RightMoveStart,281
RightMoveEnd,282
RightMoveEnd,292
RightMoveEnd,295
LeftMoveStart,303
JumpStart,320
RightMoveEnd,320
RightMoveStart,327
JumpEnd,328
BlockPowerDestroy,330
LeftMoveStart,338
JumpStart,345
RightMoveStart,351
JumpEnd,353
JumpStart,373
LeftMoveStart,376
LargeStateStart,382
LittleStateEnd,382
RightMoveEnd,383
LeftMoveEnd,385
RightMoveEnd,399
JumpEnd,401
LeftMoveEnd,402
JumpStart,403
RightMoveStart,406
JumpEnd,420
RightMoveStart,421
RightMoveStart,423
RightMoveStart,425
RightMoveEnd,426
RightMoveStart,427
JumpStart,428
RightMoveEnd,428
RightMoveStart,429
RightMoveEnd,430
RightMoveStart,431
RightMoveEnd,432
DuckStart,437
JumpEnd,437
RightMoveEnd,437
LeftMoveEnd,443
DuckEnd,444
DuckStart,446
DuckEnd,452
RightMoveEnd,453
RightMoveStart,453
RightMoveEnd,475
JumpStart,476
JumpEnd,488
RunStateStart,496
LeftMoveStart,504
JumpStart,514
RightMoveStart,516
RightMoveEnd,525
JumpEnd,529
JumpStart,531
RightMoveStart,539
JumpEnd,541
JumpStart,546
JumpEnd,565
JumpStart,573
RightMoveStart,581
JumpEnd,583
RightMoveEnd,585
RightMoveEnd,595
JumpStart,603
JumpEnd,616
JumpStart,621
JumpEnd,627
LeftMoveStart,635
JumpStart,639
LeftMoveEnd,643
RightMoveStart,653
JumpEnd,654
JumpStart,660
LeftMoveStart,664
JumpEnd,670
RightMoveEnd,676
RightMoveStart,681
BlockPowerDestroy,686
RunStateEnd,697
JumpStart,702
JumpEnd,708
LeftMoveEnd,709
LeftMoveStart,709
RightMoveStart,716
JumpStart,721
LargeStateEnd,724
LeftMoveStart,724
RightMoveEnd,733
RightMoveEnd,735
JumpEnd,752
JumpStart,755
RightMoveEnd,758
LeftMoveEnd,760
LeftMoveEnd,760
LeftMoveStart,763
JumpEnd,765
JumpStart,774
RightMoveStart,775
LeftMoveEnd,780
RightMoveStart,786
RunStateStart,787
RightMoveStart,790
RunStateEnd,793
JumpEnd,794
RightMoveEnd,798
LeftMoveStart,801
RightMoveEnd,804
JumpStart,805
LeftMoveEnd,813
JumpEnd,815
RightMoveStart,825
JumpStart,834
JumpEnd,844
RightMoveEnd,844
RunStateStart,847
JumpStart,859
LeftMoveEnd,862
FireKillGreenKoopa,877
JumpEnd,881
RightMoveStart,881
RunStateEnd,886
RunStateStart,891
RunStateEnd,894
BlockCoinDestroy,895
RunStateStart,897
RunStateEnd,898
JumpStart,911
RightMoveEnd,914
JumpEnd,917
JumpStart,927
RightMoveStart,933
RightMoveStart,935
RightMoveStart,937
RightMoveEnd,938
RightMoveStart,939
JumpEnd,940
RightMoveEnd,940
FireKillGoomba,946
RunStateStart,946
FireKillGoomba,950
RunStateEnd,956
FireKillGoomba,959
RunStateStart,963
RunStateEnd,965
FireKillGoomba,966
RunStateStart,967
RunStateEnd,970
RunStateStart,972
RunStateEnd,975
RunStateStart,977
RunStateEnd,980
RunStateStart,982
RunStateEnd,985
RightMoveEnd,986
RunStateStart,987
RightMoveEnd,988
RunStateEnd,990
JumpStart,1015
JumpEnd,1027
RightMoveStart,1030
RightMoveEnd,1031
RunStateStart,1031
JumpStart,1035
RunStateEnd,1037
RightMoveStart,1038
RunStateStart,1043
JumpEnd,1054
RightMoveEnd,1058
JumpStart,1062
RightMoveStart,1070
JumpEnd,1072
JumpStart,1086
RunStateEnd,1096
JumpEnd,1097
LeftMoveStart,1097
RightMoveStart,1110
JumpStart,1113
RightMoveStart,1115
RightMoveEnd,1122
JumpEnd,1125
RightMoveEnd,1125
JumpStart,1130
RunStateStart,1145
JumpEnd,1147
RightMoveEnd,1154
JumpStart,1158
FireKillGoomba,1162
RightMoveStart,1162
RightMoveEnd,1164
FireKillGoomba,1168
JumpEnd,1168
RunStateEnd,1174
RunStateStart,1177
RunStateEnd,1178
RunStateStart,1181
RunStateEnd,1182
RunStateStart,1184
RunStateEnd,1186
RunStateStart,1188
RunStateEnd,1191
JumpStart,1199
RunStateStart,1214
JumpEnd,1215
JumpStart,1220
RightMoveStart,1224
JumpEnd,1230
JumpStart,1242
RightMoveStart,1245
JumpEnd,1254
JumpStart,1255
RightMoveStart,1258
RightMoveEnd,1262
JumpEnd,1267
JumpStart,1270
RightMoveEnd,1276
RunStateEnd,1276
JumpEnd,1281
RightMoveEnd,1281
RightMoveEnd,1296
JumpStart,1303
JumpEnd,1307
LeftMoveEnd,1405
FireStateStart,2049
RightMoveStart,2598
RunStateStart,2612
FireStateEnd,2632
RunStateEnd,2632
RightMoveEnd,2647
WonLevel,3457
