Event,Time
LittleStateStart,0
StartLevel,0
RightMoveStart,94
JumpStart,135
RightMoveStart,143
JumpEnd,145
JumpStart,162
RightMoveEnd,175
JumpEnd,179
RightMoveEnd,188
StartLevel,205
RightMoveStart,224
RightMoveStart,246
JumpStart,252
RightMoveEnd,253
JumpStart,259
JumpEnd,262
RightMoveEnd,267
RightMoveStart,273
LittleStateEnd,275
RightMoveStart,275
RightMoveStart,277
JumpEnd,278
RightMoveEnd,278
RightMoveStart,279
RightMoveEnd,280
RightMoveStart,281
RightMoveEnd,282
RightMoveStart,283
RightMoveEnd,284
RightMoveStart,285
RightMoveEnd,286
RightMoveStart,287
RightMoveEnd,288
RightMoveStart,289
RightMoveEnd,290
RightMoveStart,291
JumpStart,292
RightMoveEnd,292
LittleStateStart,293
RightMoveStart,293
StartLevel,293
RightMoveEnd,294
RightMoveStart,295
RightMoveEnd,296
RightMoveStart,297
RightMoveEnd,298
RightMoveStart,299
RightMoveEnd,300
JumpEnd,302
JumpStart,312
RightMoveEnd,323
RightMoveStart,323
JumpEnd,329
LeftMoveEnd,342
LeftMoveStart,346
RightMoveEnd,347
RightMoveStart,355
JumpStart,363
LeftMoveStart,372
JumpEnd,373
RightMoveEnd,375
RightMoveStart,388
JumpStart,392
RightMoveStart,392
RightMoveStart,394
RightMoveStart,396
RightMoveEnd,397
JumpStart,401
JumpEnd,404
RightMoveStart,409
LeftMoveEnd,410
JumpEnd,411
DeathByGap,412
RightMoveEnd,427
JumpStart,439
LeftMoveStart,440
RightMoveEnd,441
RightMoveEnd,441
RightMoveStart,441
RightMoveStart,448
JumpEnd,449
JumpStart,453
RightMoveEnd,461
RightMoveEnd,462
JumpEnd,463
RightMoveEnd,474
JumpStart,478
LittleStateEnd,480
JumpEnd,490
JumpStart,493
RightMoveStart,494
RightMoveStart,496
RightMoveEnd,500
JumpEnd,508
RightMoveStart,509
RightMoveEnd,510
JumpStart,511
RightMoveStart,511
RightMoveStart,513
RightMoveEnd,514
RightMoveStart,515
RightMoveEnd,516
JumpEnd,523
RightMoveEnd,523
RightMoveEnd,525
JumpStart,529
RightMoveStart,530
RightMoveStart,532
JumpEnd,541
RightMoveEnd,541
RightMoveEnd,546
LeftMoveStart,576
RightMoveEnd,577
JumpStart,581
LeftMoveStart,585
JumpEnd,593
LeftMoveStart,596
LeftMoveEnd,603
LeftMoveEnd,610
RightMoveStart,612
LeftMoveEnd,620
JumpStart,631
JumpEnd,643
RightMoveStart,646
JumpStart,647
RightMoveStart,648
RightMoveStart,650
RightMoveEnd,651
JumpEnd,662
RightMoveStart,663
JumpStart,664
RightMoveEnd,664
RightMoveStart,665
RightMoveStart,667
RightMoveEnd,668
RightMoveStart,669
RightMoveEnd,670
DeathByGap,675
JumpEnd,676
RightMoveEnd,677
RightMoveEnd,679
RightMoveEnd,681
RightMoveStart,681
JumpStart,683
RightMoveStart,683
RightMoveStart,685
RightMoveEnd,686
StompKillGoomba,689
JumpEnd,694
RightMoveEnd,694
JumpStart,703
RightMoveEnd,723
RightMoveEnd,725
JumpEnd,727
RightMoveStart,731
RightMoveStart,733
JumpStart,734
RightMoveStart,735
RightMoveEnd,736
RightMoveStart,737
RightMoveEnd,738
JumpEnd,748
LeftMoveStart,750
RightMoveEnd,751
JumpStart,755
JumpEnd,767
LeftMoveStart,772
JumpStart,773
RightMoveEnd,778
RightMoveStart,778
LeftMoveEnd,784
JumpEnd,785
RightMoveStart,786
RightMoveStart,788
JumpStart,790
RightMoveStart,790
RightMoveEnd,791
RightMoveStart,792
RightMoveEnd,793
RightMoveEnd,795
LeftMoveEnd,799
JumpEnd,804
RightMoveStart,805
RightMoveEnd,806
JumpStart,807
RightMoveStart,807
RightMoveStart,809
RightMoveEnd,810
JumpEnd,819
RightMoveEnd,819
RightMoveEnd,826
RightMoveEnd,833
LeftMoveStart,838
RightMoveStart,859
JumpStart,897
BlockCoinDestroy,903
LeftMoveEnd,906
LeftMoveEnd,917
JumpEnd,922
JumpStart,925
RightMoveStart,925
RightMoveStart,927
RightMoveStart,929
RightMoveEnd,930
JumpEnd,937
JumpStart,940
RightMoveStart,942
RightMoveEnd,943
JumpEnd,954
RightMoveStart,955
RightMoveStart,957
RightMoveStart,959
RightMoveEnd,960
JumpStart,961
RightMoveStart,961
RightMoveEnd,962
RightMoveStart,963
RightMoveEnd,964
RightMoveEnd,967
RightMoveEnd,969
RightMoveEnd,974
JumpEnd,978
RightMoveStart,979
RightMoveEnd,980
RightMoveStart,981
JumpStart,982
StompKillGoomba,982
RightMoveStart,983
RightMoveEnd,984
RightMoveStart,985
RightMoveEnd,986
RightMoveEnd,992
JumpEnd,994
RightMoveEnd,996
JumpStart,1009
JumpEnd,1024
RightMoveStart,1026
RightMoveEnd,1027
RightMoveStart,1028
RightMoveEnd,1031
JumpStart,1034
RightMoveStart,1037
JumpEnd,1045
LittleStateStart,1048
JumpStart,1054
RightMoveEnd,1068
JumpEnd,1074
RightMoveStart,1075
JumpStart,1076
RightMoveStart,1077
RightMoveStart,1079
RightMoveEnd,1080
RightMoveEnd,1083
JumpEnd,1088
RightMoveEnd,1114
JumpStart,1121
LeftMoveStart,1126
RightMoveEnd,1127
JumpEnd,1133
RightMoveStart,1138
RightMoveStart,1143
JumpStart,1150
JumpEnd,1166
JumpStart,1186
RightMoveStart,1187
RightMoveStart,1189
RightMoveEnd,1191
RightMoveEnd,1192
JumpEnd,1198
RightMoveEnd,1199
RightMoveEnd,1232
LeftMoveEnd,1416
RightMoveStart,2034
LittleStateEnd,2078
RightMoveEnd,2080
WonLevel,3090
