Event,Time
LittleStateStart,0
StartLevel,0
BlockCoinDestroy,171
LittleStateEnd,171
DieByGoomba,188
LittleStateStart,189
StartLevel,189
RunStateStart,231
RunStateEnd,236
JumpStart,259
JumpEnd,273
JumpStart,275
JumpEnd,289
RightMoveStart,297
RightMoveStart,322
JumpStart,323
JumpEnd,339
JumpStart,351
JumpEnd,367
JumpStart,375
JumpEnd,383
LeftMoveStart,390
JumpStart,399
JumpEnd,413
RightMoveEnd,414
RightMoveStart,436
RightMoveEnd,440
LeftMoveStart,469
RightMoveStart,511
LeftMoveStart,568
RightMoveEnd,582
LeftMoveEnd,589
RightMoveStart,631
RightMoveEnd,642
LeftMoveEnd,653
LeftMoveStart,713
LeftMoveEnd,729
RightMoveEnd,822
LeftMoveEnd,898
BlockPowerDestroy,1002
LeftMoveStart,1067
BlockCoinDestroy,1095
RightMoveStart,1110
LeftMoveStart,1204
JumpStart,1206
JumpEnd,1214
JumpStart,1219
RightMoveStart,1221
JumpEnd,1227
JumpStart,1250
LargeStateStart,1253
LittleStateEnd,1253
JumpEnd,1281
JumpStart,1284
LeftMoveStart,1284
JumpEnd,1294
JumpStart,1300
JumpEnd,1306
RightMoveStart,1307
JumpStart,1316
JumpEnd,1334
JumpStart,1357
LeftMoveEnd,1357
RightMoveStart,1358
RightMoveStart,1360
BlockPowerDestroy,1361
RightMoveStart,1362
RightMoveEnd,1363
JumpEnd,1369
LeftMoveEnd,1386
LeftMoveStart,1391
RightMoveEnd,1392
RightMoveEnd,1394
RightMoveStart,1401
JumpStart,1404
RightMoveEnd,1410
JumpEnd,1418
RightMoveStart,1422
JumpStart,1424
RightMoveStart,1424
RightMoveStart,1426
RightMoveEnd,1427
RightMoveStart,1428
RightMoveEnd,1429
RightMoveStart,1430
RightMoveEnd,1431
RightMoveStart,1432
RightMoveEnd,1433
JumpEnd,1434
JumpStart,1440
RightMoveEnd,1443
RightMoveEnd,1444
JumpEnd,1460
RightMoveEnd,1460
LeftMoveEnd,1463
JumpStart,1472
RightMoveStart,1473
RightMoveEnd,1474
RightMoveStart,1475
RightMoveStart,1477
RightMoveEnd,1478
RightMoveStart,1479
RightMoveEnd,1480
JumpEnd,1482
LeftMoveEnd,1507
JumpStart,1508
RightMoveEnd,1515
LeftMoveStart,1522
JumpEnd,1523
RightMoveEnd,1523
RightMoveStart,1526
JumpStart,1537
StompKillGreenKoopa,1548
JumpEnd,1553
UnleashShell,1558
JumpStart,1566
JumpEnd,1572
BlockCoinDestroy,1574
JumpStart,1593
LeftMoveStart,1594
BlockCoinDestroy,1601
JumpEnd,1603
LargeStateEnd,1604
BlockCoinDestroy,1615
BlockCoinDestroy,1626
JumpStart,1635
RightMoveStart,1635
RightMoveEnd,1640
RightMoveStart,1643
JumpEnd,1645
LeftMoveEnd,1655
JumpStart,1672
RightMoveEnd,1675
JumpEnd,1688
LeftMoveEnd,1700
JumpStart,1710
JumpEnd,1716
LeftMoveStart,1718
JumpStart,1720
RightMoveEnd,1725
JumpEnd,1733
RightMoveStart,1740
BlockPowerDestroy,1742
JumpStart,1744
RightMoveEnd,1751
RightMoveStart,1758
RightMoveStart,1760
RightMoveEnd,1763
RightMoveStart,1771
RightMoveStart,1773
JumpEnd,1775
RightMoveEnd,1777
JumpStart,1779
RightMoveEnd,1783
JumpEnd,1785
StompKillGoomba,1794
StompKillGoomba,1803
JumpStart,1806
JumpEnd,1812
JumpStart,1820
JumpEnd,1826
JumpStart,1831
JumpEnd,1837
JumpStart,1851
RightMoveEnd,1854
JumpEnd,1857
LeftMoveStart,1859
RightMoveEnd,1860
LeftMoveEnd,1863
RightMoveStart,1886
JumpStart,1902
LeftMoveStart,1902
JumpEnd,1912
JumpStart,1929
LeftMoveStart,1937
JumpEnd,1938
JumpStart,1947
JumpEnd,1953
BlockCoinDestroy,1973
LeftMoveEnd,1977
LeftMoveEnd,1981
BlockCoinDestroy,1985
JumpStart,1991
RightMoveStart,1991
LeftMoveStart,1999
RightMoveEnd,2012
JumpEnd,2020
JumpStart,2025
RightMoveStart,2025
LeftMoveEnd,2026
JumpEnd,2035
LeftMoveStart,2044
JumpStart,2047
RightMoveStart,2061
LeftMoveEnd,2062
JumpEnd,2067
JumpStart,2068
JumpEnd,2074
RightMoveEnd,2077
LeftMoveStart,2097
LeftMoveEnd,2103
RightMoveEnd,2103
RightMoveStart,2120
JumpStart,2131
RightMoveEnd,2132
JumpEnd,2147
JumpStart,2164
RightMoveStart,2171
LeftMoveEnd,2172
JumpEnd,2174
JumpStart,2178
RightMoveStart,2182
JumpEnd,2184
JumpStart,2190
JumpEnd,2201
JumpStart,2204
RightMoveStart,2207
RightMoveEnd,2217
JumpEnd,2218
RightMoveStart,2220
JumpStart,2221
RightMoveStart,2222
RightMoveStart,2224
RightMoveEnd,2225
RightMoveEnd,2229
RightMoveEnd,2231
JumpEnd,2232
RightMoveEnd,2234
RightMoveStart,2235
RightMoveEnd,2236
JumpStart,2237
RightMoveStart,2237
BlockCoinDestroy,2238
RightMoveStart,2239
RightMoveEnd,2240
RightMoveEnd,2244
RightMoveEnd,2247
JumpEnd,2248
JumpStart,2250
JumpEnd,2263
JumpStart,2282
JumpEnd,2293
RightMoveEnd,2296
RightMoveStart,2299
JumpStart,2300
RightMoveStart,2301
RightMoveStart,2303
RightMoveEnd,2304
JumpEnd,2312
JumpStart,2315
JumpEnd,2328
JumpStart,2345
DuckStart,2354
JumpEnd,2354
RightMoveEnd,2360
DuckEnd,2362
LeftMoveStart,2366
RightMoveEnd,2367
JumpStart,2372
LeftMoveStart,2376
JumpEnd,2382
RightMoveStart,2388
JumpStart,2393
LeftMoveEnd,2397
JumpEnd,2407
LeftMoveStart,2428
JumpStart,2443
RightMoveStart,2448
JumpEnd,2449
JumpStart,2455
JumpEnd,2461
JumpStart,2472
JumpEnd,2485
RightMoveStart,2490
RightMoveStart,2492
RightMoveStart,2494
RightMoveEnd,2495
RightMoveStart,2496
JumpStart,2497
RightMoveEnd,2497
RightMoveStart,2498
LeftMoveEnd,2499
RightMoveEnd,2499
RightMoveStart,2500
RightMoveEnd,2501
JumpEnd,2511
RightMoveEnd,2512
RightMoveStart,2513
RightMoveEnd,2514
JumpStart,2515
RightMoveStart,2515
RightMoveStart,2517
RightMoveEnd,2518
JumpEnd,2527
RightMoveEnd,2527
RightMoveStart,2530
JumpStart,2531
RightMoveEnd,2531
RightMoveStart,2532
RightMoveEnd,2533
RightMoveStart,2534
RightMoveEnd,2535
JumpEnd,2543
RightMoveEnd,2544
RightMoveStart,2547
JumpStart,2548
RightMoveEnd,2548
RightMoveEnd,2549
RightMoveStart,2549
RightMoveStart,2551
RightMoveEnd,2552
JumpEnd,2559
RightMoveEnd,2561
JumpStart,2564
JumpEnd,2588
RightMoveStart,2589
RightMoveEnd,2590
RightMoveStart,2591
RightMoveStart,2593
RightMoveEnd,2594
RightMoveStart,2595
RightMoveEnd,2596
RightMoveStart,2597
RightMoveEnd,2598
RightMoveStart,2599
RightMoveEnd,2600
RightMoveStart,2601
RightMoveEnd,2602
RightMoveStart,2603
RightMoveEnd,2604
RightMoveStart,2605
RightMoveEnd,2606
RightMoveStart,2607
RightMoveEnd,2608
JumpStart,2609
RightMoveStart,2609
RightMoveEnd,2610
RightMoveEnd,2612
JumpEnd,2619
RightMoveEnd,2628
LeftMoveEnd,2642
FireStateStart,3863
RightMoveStart,4870
FireStateEnd,4878
RightMoveEnd,4880
WonLevel,6207
