Event,Time
LittleStateStart,0
StartLevel,0
JumpStart,68
JumpEnd,79
RightMoveStart,83
JumpStart,100
JumpEnd,116
BlockCoinDestroy,133
JumpStart,148
JumpEnd,156
LeftMoveStart,169
RightMoveStart,176
JumpStart,207
BlockPowerDestroy,210
JumpEnd,215
LeftMoveStart,215
JumpStart,225
JumpEnd,233
RightMoveStart,239
RightMoveEnd,254
LeftMoveEnd,277
LeftMoveStart,277
LargeStateStart,280
LittleStateEnd,280
RightMoveEnd,307
BlockCoinDestroy,322
JumpStart,323
RightMoveStart,328
JumpEnd,329
JumpStart,338
RightMoveEnd,339
JumpEnd,344
JumpStart,352
JumpEnd,358
RightMoveStart,359
LeftMoveEnd,361
JumpStart,368
LeftMoveStart,377
JumpEnd,380
JumpStart,385
LeftMoveEnd,389
JumpEnd,391
JumpStart,401
RightMoveEnd,407
LeftMoveStart,411
JumpEnd,417
LeftMoveStart,417
LeftMoveEnd,432
RightMoveEnd,433
LeftMoveStart,436
LeftMoveEnd,450
RightMoveStart,452
LeftMoveStart,463
JumpStart,470
LeftMoveEnd,470
JumpEnd,476
LeftMoveStart,479
JumpStart,490
LeftMoveEnd,492
LeftMoveEnd,493
JumpEnd,496
LeftMoveStart,499
JumpStart,509
LeftMoveEnd,511
JumpEnd,515
JumpStart,526
RightMoveStart,530
JumpEnd,536
LeftMoveEnd,537
JumpStart,555
RightMoveEnd,555
LeftMoveStart,556
LeftMoveStart,563
JumpEnd,565
LeftMoveEnd,586
JumpStart,592
RightMoveStart,595
JumpEnd,602
LeftMoveEnd,617
LeftMoveStart,621
RightMoveEnd,622
JumpStart,639
JumpEnd,645
RightMoveStart,657
JumpStart,673
RightMoveEnd,685
JumpEnd,687
LeftMoveEnd,709
JumpStart,717
JumpEnd,727
JumpStart,770
StompKillGoomba,772
RightMoveStart,783
JumpEnd,786
RightMoveEnd,807
RightMoveStart,812
JumpStart,821
StompKillGoomba,828
JumpEnd,831
RightMoveStart,868
JumpStart,878
RightMoveStart,890
RightMoveStart,892
RightMoveStart,894
JumpEnd,895
RightMoveEnd,895
RightMoveEnd,895
RightMoveStart,896
RightMoveEnd,897
RightMoveStart,898
RightMoveEnd,899
JumpStart,901
RightMoveEnd,901
RightMoveStart,903
RightMoveStart,905
RightMoveStart,907
RightMoveEnd,908
RightMoveEnd,909
RightMoveStart,909
RightMoveEnd,910
JumpEnd,911
RightMoveEnd,913
RightMoveEnd,931
RightMoveEnd,939
RightMoveStart,939
RightMoveEnd,945
JumpStart,971
JumpEnd,987
BlockPowerDestroy,991
JumpStart,1007
JumpEnd,1013
JumpStart,1041
LeftMoveStart,1048
JumpEnd,1051
FireStateStart,1053
LargeStateEnd,1053
RightMoveEnd,1056
JumpStart,1083
RightMoveStart,1086
JumpEnd,1099
RightMoveStart,1099
LeftMoveStart,1110
RightMoveEnd,1122
JumpStart,1140
RightMoveStart,1147
JumpEnd,1156
LeftMoveStart,1180
JumpStart,1186
LeftMoveStart,1192
JumpEnd,1202
LeftMoveStart,1202
LeftMoveEnd,1208
LeftMoveEnd,1211
RightMoveStart,1211
LeftMoveEnd,1220
JumpStart,1225
LeftMoveStart,1226
RightMoveEnd,1227
JumpEnd,1235
RightMoveEnd,1245
RightMoveStart,1249
LeftMoveEnd,1252
JumpStart,1264
LeftMoveEnd,1272
RightMoveStart,1272
JumpEnd,1274
RightMoveEnd,1289
JumpStart,1307
RightMoveEnd,1309
JumpEnd,1323
JumpStart,1331
StompKillGreenKoopa,1339
JumpEnd,1348
RightMoveStart,1364
RightMoveStart,1366
LeftMoveStart,1382
UnleashShell,1382
RightMoveEnd,1383
RightMoveEnd,1386
ShellKillGoomba,1390
RightMoveStart,1430
BlockCoinDestroy,1436
JumpStart,1452
LeftMoveStart,1457
RightMoveEnd,1457
JumpEnd,1458
RightMoveStart,1467
BlockCoinDestroy,1472
JumpStart,1488
BlockCoinDestroy,1489
JumpEnd,1494
JumpStart,1505
BlockCoinDestroy,1506
JumpEnd,1511
LeftMoveEnd,1512
RightMoveEnd,1520
JumpStart,1522
JumpEnd,1528
LeftMoveStart,1539
LeftMoveEnd,1541
JumpStart,1554
LeftMoveStart,1568
JumpEnd,1569
JumpStart,1572
RightMoveEnd,1575
JumpEnd,1578
JumpStart,1585
LeftMoveEnd,1585
JumpEnd,1591
RightMoveStart,1597
LeftMoveStart,1609
LeftMoveEnd,1625
StompKillGoomba,1630
JumpStart,1633
LeftMoveEnd,1639
JumpEnd,1658
LeftMoveEnd,1677
StompKillGoomba,1690
JumpStart,1693
JumpEnd,1718
RightMoveStart,1724
RightMoveEnd,1738
StompKillGoomba,1773
JumpStart,1778
JumpEnd,1801
JumpStart,1813
JumpEnd,1824
JumpStart,1827
RightMoveStart,1828
RightMoveStart,1830
JumpEnd,1846
RightMoveStart,1846
RightMoveEnd,1847
RightMoveStart,1848
RightMoveStart,1850
JumpStart,1851
RightMoveEnd,1851
RightMoveStart,1852
RightMoveEnd,1853
RightMoveStart,1854
RightMoveEnd,1855
RightMoveStart,1856
RightMoveEnd,1857
RightMoveStart,1858
RightMoveEnd,1859
JumpEnd,1861
RightMoveEnd,1863
JumpStart,1885
JumpEnd,1896
RightMoveEnd,1901
JumpStart,1904
JumpEnd,1917
RightMoveStart,1918
RightMoveStart,1920
RightMoveStart,1922
JumpStart,1923
RightMoveEnd,1923
RightMoveStart,1924
RightMoveEnd,1925
RightMoveStart,1926
RightMoveEnd,1927
RightMoveEnd,1933
JumpEnd,1935
JumpStart,1944
RightMoveEnd,1954
JumpEnd,1960
RightMoveEnd,1979
JumpStart,1980
RightMoveStart,1982
RightMoveEnd,1983
RightMoveStart,1984
JumpEnd,1990
StompKillGoomba,1994
BlockCoinDestroy,1996
JumpStart,2007
FireStateEnd,2018
JumpEnd,2018
RightMoveEnd,2039
JumpStart,2055
JumpEnd,2067
RightMoveStart,2070
RightMoveEnd,2071
RightMoveStart,2072
RightMoveStart,2074
RightMoveEnd,2075
RightMoveStart,2076
JumpStart,2077
RightMoveEnd,2077
RightMoveStart,2078
RightMoveEnd,2079
RightMoveStart,2080
RightMoveEnd,2081
JumpEnd,2091
RightMoveStart,2093
JumpStart,2094
RightMoveEnd,2094
RightMoveStart,2095
RightMoveStart,2097
RightMoveEnd,2098
JumpEnd,2105
RightMoveEnd,2107
RightMoveStart,2110
JumpStart,2111
RightMoveEnd,2111
RightMoveStart,2112
RightMoveStart,2114
RightMoveEnd,2115
JumpEnd,2122
RightMoveEnd,2124
JumpStart,2126
RightMoveStart,2127
RightMoveEnd,2128
RightMoveStart,2129
JumpEnd,2138
RightMoveEnd,2141
JumpStart,2146
RightMoveEnd,2157
JumpEnd,2170
JumpStart,2172
RightMoveEnd,2176
JumpEnd,2183
LargeStateStart,4219
RightMoveStart,4376
LargeStateEnd,4384
RightMoveEnd,4430
WonLevel,5645
