Event,Time
LittleStateStart,0
StartLevel,0
RightMoveStart,71
RightMoveEnd,84
JumpStart,100
RightMoveStart,105
StompKillGreenKoopa,109
JumpEnd,115
RightMoveStart,129
StompKillGreenKoopa,132
RightMoveStart,140
UnleashShell,142
RightMoveEnd,146
RightMoveEnd,150
RightMoveEnd,152
RightMoveEnd,155
StompKillGreenKoopa,155
JumpStart,158
RightMoveStart,160
RightMoveEnd,164
StompKillGreenKoopa,171
RightMoveStart,174
JumpEnd,176
RightMoveEnd,180
LeftMoveStart,192
RightMoveEnd,193
JumpStart,196
JumpEnd,204
RightMoveEnd,205
JumpStart,213
LeftMoveStart,217
JumpEnd,227
RightMoveStart,235
StompKillGreenKoopa,252
JumpStart,253
RightMoveStart,254
StompKillGreenKoopa,257
LeftMoveEnd,259
UnleashShell,263
RightMoveEnd,288
JumpEnd,289
LittleStateEnd,303
RightMoveEnd,309
LittleStateStart,321
StartLevel,321
RightMoveStart,350
JumpStart,374
RightMoveStart,376
DeathByShell,378
JumpEnd,389
JumpStart,407
RightMoveStart,409
LeftMoveEnd,416
RightMoveEnd,418
JumpEnd,425
JumpStart,434
JumpEnd,463
RightMoveStart,500
RightMoveStart,502
RightMoveStart,504
RightMoveEnd,505
JumpStart,507
RightMoveEnd,507
RightMoveStart,509
RightMoveStart,511
RightMoveEnd,515
JumpEnd,521
RightMoveEnd,532
JumpStart,545
RightMoveStart,548
RightMoveEnd,549
JumpEnd,560
RightMoveStart,561
RightMoveStart,563
RightMoveEnd,566
JumpStart,569
RightMoveStart,570
RightMoveStart,572
RightMoveEnd,575
RightMoveEnd,578
JumpEnd,584
RightMoveEnd,592
RightMoveEnd,597
JumpStart,599
LittleStateStart,602
RightMoveStart,602
RightMoveEnd,603
JumpEnd,616
RightMoveStart,628
LeftMoveStart,660
RightMoveEnd,684
RightMoveStart,694
JumpStart,729
JumpEnd,745
JumpStart,761
RightMoveStart,762
RightMoveStart,764
JumpEnd,775
LeftMoveEnd,813
RightMoveEnd,815
RightMoveStart,815
RightMoveStart,828
RightMoveEnd,831
JumpStart,835
RightMoveStart,837
RightMoveEnd,842
RightMoveEnd,842
JumpEnd,851
JumpStart,874
LittleStateStart,877
StartLevel,877
RightMoveEnd,878
JumpEnd,890
RightMoveStart,902
RightMoveEnd,908
RightMoveStart,911
JumpStart,924
RightMoveStart,926
RightMoveStart,928
JumpEnd,938
JumpStart,942
RightMoveStart,943
RightMoveStart,945
RightMoveEnd,946
JumpStart,949
RightMoveEnd,951
RightMoveStart,951
JumpEnd,957
RightMoveEnd,960
RightMoveStart,963
RightMoveStart,965
JumpEnd,967
RightMoveEnd,976
RightMoveEnd,976
RightMoveStart,979
RightMoveEnd,981
RightMoveEnd,985
JumpStart,989
JumpStart,993
RightMoveStart,995
JumpEnd,1003
RightMoveStart,1009
JumpEnd,1011
RightMoveEnd,1024
RightMoveEnd,1026
JumpStart,1036
JumpStart,1042
RightMoveEnd,1043
RightMoveStart,1052
JumpEnd,1055
JumpEnd,1081
RightMoveStart,1092
JumpStart,1099
RightMoveStart,1100
RightMoveStart,1102
RightMoveEnd,1105
RightMoveEnd,1109
JumpEnd,1114
RightMoveStart,1115
JumpStart,1116
RightMoveEnd,1116
RightMoveStart,1117
RightMoveStart,1117
RightMoveStart,1119
RightMoveEnd,1120
JumpStart,1124
RightMoveStart,1125
RightMoveStart,1127
JumpEnd,1129
RightMoveEnd,1129
RightMoveEnd,1134
JumpEnd,1139
RightMoveEnd,1139
JumpStart,1140
RightMoveStart,1142
RightMoveStart,1153
JumpEnd,1154
RightMoveEnd,1154
RightMoveStart,1155
RightMoveEnd,1158
JumpStart,1162
RightMoveStart,1163
RightMoveStart,1165
RightMoveEnd,1172
RightMoveEnd,1176
JumpEnd,1179
LittleStateEnd,1180
RightMoveEnd,1180
RightMoveEnd,1183
LittleStateEnd,1186
StartLevel,1189
RightMoveEnd,1196
RightMoveEnd,1197
RightMoveEnd,1215
LeftMoveStart,1219
RightMoveStart,1253
LeftMoveEnd,1255
JumpStart,1284
JumpEnd,1300
RightMoveStart,1309
RightMoveStart,1311
RightMoveEnd,1314
JumpStart,1318
RightMoveStart,1320
JumpEnd,1332
RightMoveEnd,1366
JumpStart,1380
RightMoveEnd,1382
RightMoveStart,1382
JumpEnd,1396
RightMoveEnd,1396
JumpStart,1437
RightMoveStart,1440
JumpEnd,1450
RightMoveEnd,1497
RightMoveStart,1499
JumpStart,1503
RightMoveEnd,1514
JumpEnd,1515
JumpStart,1540
RightMoveStart,1540
RightMoveStart,1542
RightMoveStart,1544
RightMoveEnd,1545
JumpEnd,1554
RightMoveStart,1579
RightMoveEnd,1580
RightMoveEnd,1582
JumpStart,1584
RightMoveStart,1587
RightMoveEnd,1596
JumpEnd,1598
RightMoveEnd,1615
JumpStart,1644
RightMoveEnd,1645
RightMoveStart,1646
RightMoveStart,1648
JumpEnd,1658
RightMoveEnd,1674
JumpStart,1683
RightMoveStart,1685
JumpEnd,1696
RightMoveEnd,1706
RightMoveStart,1711
RightMoveEnd,1738
RightMoveEnd,1746
LeftMoveStart,1750
RightMoveStart,1771
JumpStart,1780
JumpEnd,1800
RightMoveStart,1840
JumpStart,1844
JumpEnd,1855
RightMoveStart,1862
LeftMoveStart,1886
RightMoveEnd,1889
RightMoveEnd,1893
RightMoveStart,1916
RightMoveEnd,1918
DeathByGap,1941
RightMoveStart,1952
JumpStart,1959
JumpEnd,1969
RightMoveEnd,1995
JumpStart,2001
RightMoveStart,2005
JumpEnd,2015
RightMoveEnd,2029
LittleStateEnd,2048
LeftMoveEnd,2051
RightMoveEnd,2074
LeftMoveEnd,2290
DeathByGap,3553
LostLevel,3554
