Event,Time
LittleStateStart,0
StartLevel,0
JumpStart,53
JumpEnd,65
RightMoveStart,71
JumpStart,96
JumpEnd,108
RightMoveStart,122
BlockCoinDestroy,134
JumpStart,149
JumpEnd,157
RightMoveStart,164
BlockPowerDestroy,180
JumpStart,195
JumpEnd,203
LeftMoveStart,203
RightMoveEnd,206
RightMoveEnd,211
RightMoveStart,213
RightMoveEnd,244
LargeStateStart,249
LittleStateEnd,249
LeftMoveStart,271
BlockCoinDestroy,280
RightMoveEnd,293
JumpStart,296
JumpEnd,302
RightMoveStart,306
JumpStart,325
LeftMoveStart,327
JumpEnd,341
LeftMoveStart,341
RightMoveStart,351
JumpStart,363
LeftMoveEnd,364
LeftMoveStart,369
LeftMoveEnd,373
JumpEnd,379
RightMoveStart,382
LeftMoveEnd,393
JumpStart,397
RightMoveStart,401
JumpEnd,406
LeftMoveEnd,409
LeftMoveStart,412
JumpStart,413
RightMoveEnd,413
RightMoveEnd,419
RightMoveEnd,429
RightMoveEnd,430
JumpEnd,431
LeftMoveEnd,432
RightMoveStart,436
JumpStart,446
LeftMoveStart,447
BlockCoinDestroy,450
JumpEnd,456
JumpStart,466
LeftMoveEnd,471
JumpEnd,472
RightMoveStart,474
RightMoveEnd,481
JumpStart,491
JumpEnd,505
LeftMoveEnd,508
JumpStart,527
JumpEnd,539
LeftMoveStart,564
RightMoveStart,571
StompKillGoomba,581
JumpStart,584
RightMoveStart,591
RightMoveEnd,599
RightMoveStart,608
JumpEnd,609
JumpStart,622
RightMoveEnd,624
JumpEnd,638
LeftMoveStart,643
RightMoveEnd,646
JumpStart,656
JumpEnd,668
RightMoveStart,674
RightMoveEnd,677
JumpStart,678
LeftMoveEnd,687
JumpEnd,697
RightMoveStart,701
JumpStart,702
RightMoveStart,703
RightMoveStart,705
RightMoveEnd,706
RightMoveStart,707
RightMoveEnd,708
RightMoveStart,709
RightMoveEnd,710
JumpEnd,712
JumpStart,726
RightMoveEnd,729
JumpEnd,745
JumpStart,750
LeftMoveEnd,752
JumpEnd,766
RightMoveEnd,766
RightMoveStart,768
JumpStart,769
RightMoveEnd,769
RightMoveStart,770
RightMoveStart,772
RightMoveEnd,773
RightMoveStart,774
RightMoveEnd,775
RightMoveStart,776
RightMoveEnd,777
JumpEnd,779
LeftMoveStart,815
RightMoveEnd,816
RightMoveStart,821
RightMoveEnd,828
JumpStart,836
JumpEnd,852
JumpStart,871
JumpEnd,877
LeftMoveStart,880
LeftMoveStart,886
JumpStart,892
BlockPowerDestroy,899
JumpEnd,903
LeftMoveEnd,905
LeftMoveStart,907
JumpStart,915
JumpEnd,921
RightMoveEnd,924
RightMoveStart,927
LeftMoveEnd,937
LeftMoveStart,944
JumpStart,945
LeftMoveEnd,947
LargeStateEnd,948
JumpEnd,976
RightMoveStart,983
LeftMoveEnd,989
JumpStart,991
LeftMoveStart,995
LeftMoveStart,999
JumpEnd,1001
LeftMoveEnd,1005
RightMoveStart,1018
LeftMoveEnd,1021
JumpStart,1023
RightMoveStart,1030
JumpEnd,1033
RightMoveEnd,1041
LeftMoveEnd,1047
RightMoveEnd,1049
JumpStart,1059
RightMoveEnd,1064
JumpEnd,1075
JumpStart,1081
StompKillGreenKoopa,1089
JumpEnd,1101
JumpStart,1134
LeftMoveStart,1138
JumpEnd,1145
BlockCoinDestroy,1146
JumpStart,1147
RightMoveEnd,1149
JumpEnd,1159
LeftMoveStart,1159
JumpStart,1162
JumpEnd,1168
BlockCoinDestroy,1169
LeftMoveStart,1174
JumpStart,1185
UnleashShell,1187
JumpEnd,1191
ShellKillGoomba,1192
LeftMoveEnd,1193
ShellKillGoomba,1194
RightMoveStart,1228
BlockCoinDestroy,1233
LeftMoveStart,1234
LeftMoveEnd,1239
JumpStart,1249
JumpEnd,1255
RightMoveStart,1256
JumpStart,1268
JumpEnd,1277
LeftMoveEnd,1280
RightMoveStart,1286
JumpStart,1302
BlockCoinDestroy,1304
RightMoveEnd,1313
JumpEnd,1314
LeftMoveEnd,1314
JumpStart,1320
JumpEnd,1326
StompKillGoomba,1352
JumpStart,1359
StompKillGoomba,1361
JumpEnd,1389
RunStateStart,1393
RunStateEnd,1395
LeftMoveStart,1404
RightMoveStart,1413
JumpStart,1426
RightMoveEnd,1431
RightMoveEnd,1433
JumpEnd,1438
JumpStart,1441
RightMoveStart,1442
RightMoveStart,1444
RightMoveStart,1460
JumpEnd,1461
RightMoveEnd,1461
RightMoveStart,1462
JumpStart,1464
RightMoveStart,1464
RightMoveEnd,1465
RightMoveStart,1466
RightMoveEnd,1467
RightMoveStart,1468
RightMoveEnd,1469
RightMoveStart,1470
RightMoveEnd,1471
RightMoveEnd,1472
RightMoveStart,1472
RightMoveEnd,1473
JumpEnd,1474
RightMoveEnd,1477
JumpStart,1498
JumpEnd,1510
RightMoveEnd,1514
JumpStart,1518
RightMoveStart,1522
JumpEnd,1529
JumpStart,1537
JumpEnd,1553
RightMoveEnd,1568
JumpStart,1572
RightMoveStart,1575
LeftMoveEnd,1576
JumpEnd,1581
JumpStart,1590
FireKillGoomba,1596
LeftMoveStart,1602
JumpEnd,1604
RightMoveStart,1609
RunStateStart,1610
RunStateEnd,1612
RunStateStart,1615
RunStateEnd,1618
RunStateStart,1619
RunStateEnd,1622
RightMoveEnd,1624
RunStateStart,1624
RunStateEnd,1626
RunStateStart,1628
FireKillGoomba,1629
RunStateEnd,1630
RunStateStart,1633
RunStateEnd,1635
RunStateStart,1637
RunStateEnd,1639
RunStateStart,1643
RunStateEnd,1645
RightMoveEnd,1652
RightMoveEnd,1654
JumpStart,1661
RightMoveStart,1674
JumpEnd,1675
BlockCoinDestroy,1677
JumpStart,1693
JumpEnd,1699
JumpStart,1725
JumpEnd,1739
LeftMoveStart,1746
JumpStart,1750
LeftMoveStart,1754
JumpEnd,1761
LeftMoveStart,1766
LeftMoveEnd,1771
DuckStart,1773
DuckEnd,1777
DuckStart,1786
LeftMoveEnd,1791
DuckEnd,1795
RightMoveStart,1796
JumpStart,1799
LeftMoveEnd,1806
RightMoveEnd,1809
JumpEnd,1813
JumpStart,1816
RightMoveStart,1818
JumpEnd,1828
RightMoveStart,1831
JumpStart,1832
RightMoveStart,1833
RightMoveEnd,1836
JumpEnd,1844
RightMoveEnd,1845
RightMoveEnd,1852
JumpStart,1877
JumpEnd,1885
LeftMoveEnd,1894
RightMoveEnd,1939
FireStateStart,2851
RightMoveStart,3738
FireStateEnd,3788
RightMoveEnd,3790
WonLevel,4920
