Event,Time
LittleStateStart,0
StartLevel,0
RightMoveStart,50
JumpStart,64
JumpEnd,77
StompKillGoomba,82
JumpStart,85
JumpEnd,110
JumpStart,121
BlockCoinDestroy,130
LeftMoveStart,132
JumpEnd,137
RightMoveStart,139
JumpStart,145
JumpEnd,153
BlockPowerDestroy,156
JumpStart,171
JumpEnd,179
BlockCoinDestroy,180
LeftMoveStart,186
RightMoveEnd,194
JumpStart,195
RightMoveStart,199
JumpEnd,203
LeftMoveStart,208
RightMoveStart,211
LargeStateStart,224
LittleStateEnd,224
LeftMoveEnd,232
LeftMoveEnd,242
JumpStart,243
JumpEnd,253
RunStateStart,256
LeftMoveStart,266
RightMoveEnd,267
JumpStart,268
BlockCoinDestroy,269
RightMoveEnd,274
RightMoveEnd,274
JumpEnd,282
RunStateEnd,284
JumpStart,285
LeftMoveEnd,287
RightMoveStart,287
JumpEnd,291
JumpStart,296
JumpEnd,303
RunStateStart,303
JumpStart,307
JumpEnd,327
JumpStart,331
RightMoveStart,336
JumpEnd,343
LeftMoveEnd,344
RunStateEnd,344
RightMoveStart,356
JumpStart,370
JumpEnd,379
LeftMoveStart,391
DuckStart,393
DuckEnd,397
RightMoveEnd,397
DuckStart,404
RightMoveEnd,404
DuckEnd,410
RightMoveEnd,410
RightMoveStart,412
JumpStart,419
JumpEnd,438
JumpStart,445
RightMoveStart,451
RightMoveStart,453
JumpEnd,455
DuckStart,467
DuckEnd,474
RightMoveEnd,478
LeftMoveStart,480
RightMoveStart,484
RightMoveEnd,491
RightMoveEnd,506
JumpStart,515
BlockPowerDestroy,531
JumpEnd,531
LeftMoveEnd,536
JumpStart,547
JumpEnd,553
RightMoveStart,564
JumpStart,569
LeftMoveStart,571
LeftMoveEnd,572
JumpEnd,579
LargeStateEnd,582
RightMoveEnd,590
RunStateStart,602
RightMoveStart,604
RunStateEnd,604
RunStateStart,606
RunStateEnd,608
RunStateStart,609
RunStateEnd,610
JumpStart,617
RightMoveStart,622
JumpEnd,627
JumpStart,639
RightMoveEnd,646
RightMoveEnd,650
JumpEnd,651
RunStateStart,654
JumpStart,656
RunStateEnd,658
RunStateStart,661
RunStateEnd,663
RunStateStart,664
LeftMoveEnd,665
RunStateEnd,668
JumpEnd,670
FireKillGreenKoopa,674
RunStateStart,677
RunStateEnd,681
RunStateStart,688
RunStateEnd,691
LeftMoveStart,692
RunStateStart,694
RunStateEnd,697
RunStateStart,699
RunStateEnd,702
RunStateStart,703
RunStateEnd,705
RunStateStart,707
RightMoveEnd,709
RunStateEnd,709
RunStateStart,710
RunStateEnd,713
RunStateStart,714
RunStateEnd,717
RunStateStart,719
RunStateEnd,723
RunStateStart,725
RunStateEnd,727
JumpStart,730
BlockPowerDestroy,731
RightMoveStart,737
JumpEnd,740
JumpStart,747
JumpEnd,753
JumpStart,767
RightMoveStart,769
LeftMoveStart,775
RightMoveStart,780
JumpEnd,787
JumpStart,801
RightMoveEnd,806
JumpEnd,807
BlockCoinDestroy,808
LeftMoveStart,816
JumpStart,824
RightMoveEnd,826
RightMoveStart,829
BlockCoinDestroy,830
JumpEnd,830
LeftMoveEnd,838
BlockCoinDestroy,844
JumpStart,846
JumpEnd,852
BlockCoinDestroy,859
JumpStart,860
LeftMoveEnd,862
JumpEnd,866
LeftMoveEnd,869
RightMoveEnd,872
JumpStart,875
JumpEnd,881
LeftMoveStart,883
BlockPowerDestroy,886
JumpStart,888
JumpEnd,898
JumpStart,902
RightMoveStart,905
JumpEnd,908
JumpStart,918
LeftMoveStart,925
RightMoveEnd,931
RightMoveStart,935
JumpEnd,938
JumpStart,954
FireKillGoomba,957
RunStateStart,969
JumpEnd,970
LeftMoveEnd,971
LeftMoveEnd,972
RunStateEnd,972
JumpStart,973
JumpEnd,985
FireKillGoomba,986
JumpStart,990
RightMoveEnd,995
RightMoveEnd,1000
RunStateStart,1001
JumpEnd,1002
RunStateEnd,1003
RunStateStart,1004
RunStateEnd,1006
RunStateStart,1008
RunStateEnd,1010
RunStateStart,1011
RunStateEnd,1013
RunStateStart,1014
RunStateEnd,1016
FireKillGoomba,1017
RunStateStart,1017
RunStateEnd,1019
FireKillGoomba,1021
RunStateStart,1021
RunStateEnd,1022
RunStateStart,1024
RunStateEnd,1025
RunStateStart,1027
RunStateEnd,1029
RunStateStart,1030
RunStateEnd,1031
RunStateStart,1033
RunStateEnd,1035
RunStateStart,1036
RunStateEnd,1038
RunStateStart,1040
RunStateEnd,1045
RightMoveStart,1051
RunStateStart,1060
RunStateEnd,1063
RunStateStart,1065
RunStateEnd,1067
RunStateStart,1069
RunStateEnd,1071
RunStateStart,1073
RunStateEnd,1075
RunStateStart,1077
RunStateEnd,1079
RunStateStart,1081
RunStateEnd,1083
RunStateStart,1085
RunStateEnd,1089
JumpStart,1095
JumpEnd,1110
JumpStart,1112
RightMoveStart,1114
JumpEnd,1126
JumpStart,1131
RightMoveStart,1131
RightMoveStart,1133
RightMoveEnd,1149
RightMoveStart,1149
JumpEnd,1150
RightMoveEnd,1150
RightMoveStart,1151
RightMoveStart,1153
JumpStart,1154
RightMoveEnd,1154
RightMoveStart,1155
RightMoveEnd,1156
RightMoveStart,1157
RightMoveEnd,1158
RightMoveStart,1159
RightMoveEnd,1160
RightMoveStart,1161
RightMoveEnd,1162
JumpEnd,1164
RightMoveEnd,1166
JumpStart,1187
RightMoveEnd,1192
JumpEnd,1199
RightMoveEnd,1202
RightMoveStart,1204
JumpStart,1207
RightMoveStart,1210
JumpEnd,1220
JumpStart,1227
RightMoveStart,1227
RightMoveEnd,1229
RightMoveEnd,1229
RightMoveStart,1235
JumpEnd,1236
RightMoveEnd,1245
JumpStart,1250
RightMoveStart,1250
RightMoveEnd,1252
RightMoveEnd,1256
JumpEnd,1266
RunStateStart,1278
JumpStart,1288
RightMoveStart,1292
FireKillGoomba,1294
RightMoveEnd,1302
RunStateEnd,1302
JumpEnd,1304
RunStateStart,1307
RunStateEnd,1309
RunStateStart,1311
RunStateEnd,1313
RunStateStart,1315
RunStateEnd,1317
RunStateStart,1318
FireKillGoomba,1321
RunStateEnd,1321
RunStateStart,1322
RunStateEnd,1325
RunStateStart,1326
RunStateEnd,1328
RunStateStart,1330
RunStateEnd,1331
RunStateStart,1333
RunStateEnd,1335
RunStateStart,1337
RunStateEnd,1339
RunStateStart,1341
RunStateEnd,1343
RightMoveStart,1349
JumpStart,1353
JumpEnd,1359
RightMoveEnd,1365
LeftMoveStart,1369
JumpStart,1370
BlockCoinDestroy,1372
JumpEnd,1376
LeftMoveStart,1385
JumpStart,1388
JumpEnd,1394
RightMoveStart,1397
RunStateStart,1407
LeftMoveEnd,1412
JumpStart,1418
RightMoveEnd,1425
JumpEnd,1430
JumpStart,1435
RightMoveStart,1438
JumpEnd,1447
RunStateEnd,1448
JumpStart,1453
RightMoveStart,1453
RightMoveStart,1455
RunStateStart,1457
RunStateEnd,1459
JumpEnd,1467
RightMoveEnd,1469
LeftMoveStart,1470
RightMoveEnd,1471
RightMoveEnd,1478
JumpStart,1489
RightMoveEnd,1489
JumpEnd,1505
LeftMoveEnd,1564
LeftMoveEnd,1822
FireStateStart,2105
RightMoveStart,3004
RunStateStart,3007
FireStateEnd,3028
RunStateEnd,3028
RightMoveEnd,3054
WonLevel,4006
