Event,Time
LittleStateStart,0
StartLevel,0
RightMoveStart,24
RunStateStart,34
JumpStart,47
RunStateEnd,53
JumpEnd,60
JumpStart,75
JumpEnd,91
BlockCoinDestroy,101
JumpStart,116
JumpEnd,124
JumpStart,129
LeftMoveStart,136
JumpEnd,145
RightMoveStart,148
JumpStart,154
LeftMoveStart,159
JumpEnd,170
JumpStart,176
RightMoveEnd,176
BlockPowerDestroy,179
LeftMoveStart,184
JumpEnd,186
LeftMoveEnd,189
JumpStart,194
JumpEnd,202
RightMoveStart,204
JumpStart,211
LargeStateStart,214
LittleStateEnd,214
LeftMoveEnd,228
RightMoveStart,234
RunStateStart,239
RunStateEnd,241
RunStateStart,243
JumpEnd,246
RunStateEnd,247
JumpStart,249
RightMoveStart,251
RightMoveStart,253
JumpEnd,261
RunStateStart,263
DuckStart,266
RunStateEnd,266
RightMoveEnd,269
DuckEnd,272
RightMoveEnd,280
RightMoveEnd,282
RightMoveEnd,289
JumpStart,291
LeftMoveEnd,295
JumpEnd,307
JumpStart,322
JumpEnd,338
RightMoveEnd,351
RunStateStart,351
RightMoveStart,369
JumpStart,375
RightMoveStart,383
JumpEnd,385
RunStateEnd,392
LeftMoveStart,405
BlockPowerDestroy,410
JumpStart,411
RightMoveEnd,418
RightMoveStart,418
JumpEnd,421
JumpStart,426
JumpEnd,432
JumpStart,441
LeftMoveStart,447
LargeStateEnd,451
JumpEnd,475
RunStateStart,476
RunStateEnd,480
RightMoveEnd,481
RunStateStart,481
RunStateEnd,484
RightMoveEnd,496
RightMoveStart,503
LeftMoveEnd,514
JumpStart,520
RightMoveStart,524
JumpEnd,530
RunStateStart,531
RunStateEnd,536
RightMoveStart,575
RightMoveStart,577
JumpStart,578
RightMoveStart,579
RightMoveEnd,580
RightMoveStart,581
RightMoveEnd,582
RightMoveStart,583
RightMoveEnd,584
RightMoveStart,585
RightMoveEnd,586
JumpEnd,587
RightMoveEnd,595
RightMoveEnd,603
DuckStart,605
RightMoveEnd,608
DuckEnd,611
RightMoveEnd,627
LeftMoveEnd,628
LeftMoveStart,640
RunStateStart,651
RightMoveStart,653
JumpStart,658
RunStateEnd,675
JumpEnd,678
JumpStart,701
RightMoveStart,704
RightMoveStart,706
RightMoveStart,708
RightMoveEnd,709
JumpEnd,711
JumpStart,722
RunStateStart,736
RunStateEnd,739
JumpEnd,742
RunStateStart,742
RunStateEnd,745
RightMoveEnd,756
JumpStart,766
RightMoveStart,769
RightMoveEnd,770
RightMoveEnd,771
RightMoveStart,771
RightMoveStart,773
RightMoveEnd,774
JumpEnd,776
DuckStart,778
DuckEnd,785
DuckStart,789
DuckEnd,795
RunStateStart,800
RunStateEnd,802
RunStateStart,804
RunStateEnd,807
BlockCoinDestroy,812
JumpStart,828
RightMoveEnd,831
JumpEnd,834
LeftMoveEnd,842
JumpStart,848
RightMoveStart,854
RightMoveEnd,855
RightMoveStart,856
JumpEnd,858
RightMoveEnd,871
RunStateStart,879
FireKillGoomba,882
RightMoveStart,882
JumpStart,883
JumpEnd,903
RunStateEnd,910
JumpStart,929
RightMoveStart,933
RightMoveStart,935
RightMoveEnd,936
RightMoveStart,937
RightMoveEnd,938
JumpEnd,939
RunStateStart,946
JumpStart,949
RightMoveEnd,958
RunStateEnd,961
JumpEnd,965
RightMoveEnd,975
RunStateStart,982
RightMoveStart,983
JumpStart,984
RightMoveEnd,985
RunStateEnd,993
JumpEnd,1001
RightMoveStart,1011
RightMoveStart,1013
RightMoveStart,1015
JumpStart,1016
RightMoveEnd,1016
RightMoveStart,1017
RightMoveEnd,1018
RightMoveStart,1019
RightMoveEnd,1020
JumpEnd,1028
JumpStart,1030
RightMoveStart,1032
RightMoveEnd,1033
RightMoveEnd,1040
JumpEnd,1042
RunStateStart,1046
RunStateEnd,1049
RunStateStart,1051
JumpStart,1053
RunStateEnd,1053
RightMoveEnd,1056
RightMoveStart,1063
JumpEnd,1064
JumpStart,1070
RightMoveEnd,1070
JumpEnd,1088
RightMoveStart,1090
RightMoveStart,1092
JumpStart,1093
RightMoveStart,1094
RightMoveEnd,1095
RightMoveStart,1096
RightMoveEnd,1097
RightMoveStart,1098
RightMoveEnd,1099
JumpEnd,1105
RightMoveEnd,1118
RightMoveEnd,1120
LeftMoveStart,1124
RightMoveEnd,1125
RightMoveStart,1131
JumpStart,1137
JumpEnd,1153
LeftMoveStart,1176
BlockCoinDestroy,1183
RightMoveStart,1190
JumpStart,1197
JumpEnd,1207
LeftMoveStart,1207
RightMoveEnd,1208
RunStateStart,1232
RightMoveStart,1234
LeftMoveEnd,1237
JumpStart,1243
RunStateEnd,1253
JumpEnd,1257
RightMoveEnd,1258
LeftMoveEnd,1263
RightMoveStart,1282
RightMoveEnd,1308
RightMoveStart,1312
JumpStart,1321
RightMoveStart,1325
JumpEnd,1333
JumpStart,1335
RightMoveStart,1338
RightMoveEnd,1344
JumpEnd,1349
RightMoveEnd,1350
JumpStart,1351
RightMoveStart,1351
RightMoveStart,1353
RightMoveStart,1355
RightMoveEnd,1356
RightMoveEnd,1358
JumpEnd,1361
RightMoveEnd,1363
RightMoveEnd,1365
RightMoveEnd,1365
JumpStart,1367
RightMoveStart,1372
JumpEnd,1378
JumpStart,1385
JumpEnd,1407
JumpStart,1426
JumpEnd,1438
RightMoveStart,1441
JumpStart,1442
RightMoveStart,1443
RightMoveStart,1445
RightMoveEnd,1446
JumpEnd,1457
RightMoveEnd,1457
RightMoveStart,1458
RightMoveEnd,1459
JumpStart,1460
RightMoveStart,1460
RightMoveStart,1462
RightMoveEnd,1463
RightMoveStart,1464
RightMoveEnd,1465
JumpEnd,1471
RightMoveEnd,1472
RightMoveStart,1473
RightMoveEnd,1474
JumpStart,1478
RightMoveStart,1481
RightMoveEnd,1483
JumpEnd,1489
JumpStart,1495
RightMoveStart,1495
RightMoveEnd,1502
JumpEnd,1511
RightMoveEnd,1511
JumpStart,1529
RightMoveStart,1531
RightMoveStart,1533
JumpEnd,1541
RightMoveStart,1542
RightMoveEnd,1543
JumpStart,1544
RightMoveEnd,1544
RightMoveStart,1544
RightMoveStart,1546
RightMoveEnd,1547
RightMoveEnd,1552
JumpEnd,1556
JumpStart,1558
RightMoveStart,1559
RightMoveEnd,1560
RightMoveEnd,1568
JumpEnd,1569
RightMoveEnd,1573
LeftMoveEnd,1610
FireStateStart,2038
RightMoveStart,3148
FireStateEnd,3156
RightMoveEnd,3158
WonLevel,4320
