Event,Time
LeftMoveEnd,-2571
LittleStateStart,0
StartLevel,0
RunStateStart,33
RightMoveStart,51
BlockCoinDestroy,59
LeftMoveStart,59
JumpStart,74
BlockCoinDestroy,77
JumpEnd,82
RightMoveStart,84
JumpStart,92
JumpEnd,100
LeftMoveStart,107
BlockPowerDestroy,117
RightMoveEnd,126
RightMoveEnd,126
RightMoveEnd,131
RightMoveStart,132
LittleStateStart,137
RunStateStart,137
StartLevel,137
RightMoveEnd,138
JumpStart,144
RightMoveStart,147
LeftMoveEnd,151
JumpEnd,156
LeftMoveStart,159
LeftMoveEnd,163
JumpStart,169
RightMoveStart,170
RightMoveStart,170
RightMoveEnd,173
JumpStart,181
JumpEnd,186
RightMoveStart,188
RightMoveEnd,189
JumpStart,192
JumpEnd,193
RightMoveEnd,197
JumpStart,199
RightMoveStart,199
JumpEnd,204
BlockCoinDestroy,211
JumpStart,213
JumpEnd,218
LeftMoveStart,220
LeftMoveEnd,221
StartLevel,221
JumpStart,226
JumpEnd,228
JumpEnd,234
RightMoveStart,234
JumpStart,236
RightMoveEnd,237
RightMoveStart,239
JumpEnd,250
BlockCoinDestroy,251
JumpStart,254
JumpStart,254
RightMoveEnd,259
LeftMoveStart,261
JumpEnd,262
LeftMoveStart,262
JumpStart,266
JumpEnd,267
JumpStart,269
StompKillGoomba,272
JumpEnd,274
RightMoveStart,274
BlockCoinDestroy,275
JumpEnd,277
RightMoveStart,281
JumpStart,283
JumpStart,283
LargeStateStart,287
LittleStateEnd,287
LeftMoveEnd,289
BlockCoinDestroy,290
JumpEnd,298
RightMoveEnd,301
JumpStart,305
LeftMoveStart,306
RightMoveEnd,306
RightMoveStart,308
JumpEnd,313
LeftMoveEnd,316
JumpEnd,317
RightMoveStart,318
JumpStart,321
RightMoveEnd,322
LeftMoveStart,325
LeftMoveStart,329
JumpEnd,331
BlockPowerDestroy,339
JumpStart,339
LargeStateEnd,340
RunStateEnd,340
RightMoveStart,347
LeftMoveEnd,350
LeftMoveEnd,351
JumpEnd,353
JumpStart,354
RightMoveEnd,358
RightMoveEnd,360
JumpEnd,362
RightMoveEnd,365
RightMoveStart,366
JumpStart,371
LargeStateStart,374
LittleStateEnd,374
LeftMoveEnd,392
RightMoveEnd,394
JumpEnd,402
JumpStart,402
DuckStart,403
DuckEnd,406
JumpStart,419
JumpEnd,424
RightMoveStart,429
JumpEnd,431
LittleStateStart,431
RightMoveEnd,438
RightMoveStart,450
LeftMoveStart,460
RightMoveStart,470
JumpStart,472
BlockPowerDestroy,476
RightMoveEnd,480
JumpEnd,481
BlockPowerDestroy,491
JumpStart,492
JumpEnd,498
RightMoveEnd,506
JumpStart,507
RightMoveEnd,507
RightMoveStart,512
JumpEnd,513
JumpStart,527
LeftMoveStart,532
FireStateStart,535
LargeStateEnd,535
RunStateStart,553
JumpEnd,555
RightMoveStart,567
RightMoveEnd,573
LeftMoveStart,586
LeftMoveEnd,598
BlockCoinDestroy,603
BlockCoinDestroy,613
RightMoveStart,616
JumpStart,619
JumpEnd,625
JumpStart,629
JumpEnd,635
JumpStart,638
LeftMoveEnd,638
RightMoveEnd,640
BlockCoinDestroy,643
RightMoveStart,643
JumpEnd,644
JumpStart,647
LeftMoveEnd,648
JumpEnd,653
LeftMoveStart,656
JumpStart,659
JumpEnd,665
RightMoveStart,666
JumpStart,678
RightMoveEnd,682
RightMoveEnd,686
RightMoveStart,686
JumpEnd,688
JumpStart,694
RightMoveEnd,699
JumpEnd,711
JumpStart,718
BlockCoinDestroy,719
RightMoveEnd,723
JumpEnd,731
RightMoveStart,734
JumpStart,735
LeftMoveEnd,735
JumpEnd,741
JumpStart,765
BlockCoinDestroy,768
RightMoveStart,770
RightMoveStart,772
JumpEnd,775
BlockPowerDestroy,781
JumpStart,784
JumpEnd,790
RightMoveEnd,793
LeftMoveStart,794
JumpStart,797
RightMoveStart,802
JumpEnd,803
FireKillGreenKoopa,815
RightMoveEnd,817
RunStateEnd,825
RunStateStart,828
BlockCoinDestroy,832
RightMoveStart,835
LittleStateEnd,844
RunStateEnd,844
JumpStart,848
JumpEnd,854
RightMoveEnd,855
BlockCoinDestroy,858
RunStateEnd,867
RunStateStart,869
JumpStart,874
JumpEnd,880
JumpStart,892
RightMoveStart,897
LeftMoveStart,907
RightMoveEnd,907
JumpEnd,908
JumpStart,918
RightMoveStart,923
JumpEnd,928
JumpStart,933
BlockCoinDestroy,938
LeftMoveEnd,939
LeftMoveStart,940
JumpEnd,949
LeftMoveStart,953
JumpStart,954
JumpEnd,960
RightMoveStart,960
RightMoveEnd,965
RightMoveEnd,965
LeftMoveStart,971
LeftMoveEnd,972
LeftMoveEnd,976
RightMoveStart,979
JumpStart,983
BlockCoinDestroy,985
LeftMoveEnd,996
RightMoveStart,996
JumpEnd,997
JumpStart,1001
JumpEnd,1007
LeftMoveStart,1007
RightMoveEnd,1007
RightMoveEnd,1011
RightMoveEnd,1014
JumpStart,1016
RightMoveEnd,1018
RightMoveStart,1022
JumpEnd,1026
JumpStart,1029
LeftMoveEnd,1034
JumpEnd,1045
LeftMoveStart,1049
JumpStart,1054
BlockPowerDestroy,1056
LeftMoveEnd,1057
RightMoveStart,1058
JumpEnd,1068
RightMoveStart,1069
JumpStart,1072
RightMoveEnd,1074
JumpEnd,1078
LeftMoveStart,1078
RightMoveStart,1085
RightMoveEnd,1088
RightMoveEnd,1096
LeftMoveEnd,1099
LeftMoveStart,1112
LeftMoveEnd,1113
JumpStart,1115
RightMoveEnd,1121
BlockCoinDestroy,1123
LeftMoveStart,1128
JumpEnd,1129
BlockCoinDestroy,1136
JumpStart,1139
JumpEnd,1147
BlockCoinDestroy,1152
JumpStart,1152
LeftMoveEnd,1152
LeftMoveEnd,1157
JumpEnd,1158
JumpStart,1168
JumpEnd,1174
LeftMoveStart,1174
JumpStart,1181
JumpEnd,1187
LeftMoveStart,1189
JumpStart,1191
JumpEnd,1197
JumpStart,1201
JumpEnd,1207
RightMoveStart,1213
JumpStart,1216
LeftMoveEnd,1218
JumpEnd,1222
LeftMoveEnd,1222
LeftMoveStart,1223
RightMoveStart,1233
RightMoveStart,1242
RightMoveEnd,1257
RightMoveStart,1257
RightMoveEnd,1261
JumpStart,1265
LeftMoveEnd,1266
LeftMoveStart,1275
RightMoveEnd,1276
JumpEnd,1281
JumpStart,1286
LeftMoveStart,1294
JumpEnd,1296
JumpStart,1301
RightMoveStart,1305
LeftMoveStart,1315
JumpEnd,1321
LeftMoveEnd,1323
JumpStart,1327
LeftMoveEnd,1328
RightMoveStart,1337
LeftMoveEnd,1339
JumpEnd,1343
JumpStart,1349
RightMoveEnd,1350
RightMoveStart,1357
JumpEnd,1359
RightMoveEnd,1361
JumpStart,1371
RightMoveEnd,1372
JumpEnd,1381
JumpStart,1398
RightMoveEnd,1404
RightMoveStart,1406
JumpEnd,1408
JumpStart,1413
LeftMoveStart,1428
JumpEnd,1429
JumpStart,1436
RightMoveStart,1438
JumpEnd,1450
JumpStart,1453
StompKillGoomba,1458
RunStateEnd,1467
RunStateStart,1471
LeftMoveStart,1476
RightMoveEnd,1476
LeftMoveStart,1479
BlockCoinDestroy,1482
JumpEnd,1483
LeftMoveEnd,1490
RightMoveStart,1490
JumpStart,1498
JumpEnd,1504
LeftMoveStart,1505
RightMoveEnd,1507
JumpStart,1510
JumpEnd,1522
LeftMoveEnd,1525
JumpStart,1526
BlockPowerDestroy,1529
RightMoveStart,1530
RightMoveStart,1534
JumpEnd,1536
LeftMoveEnd,1537
JumpStart,1545
RightMoveEnd,1546
LeftMoveEnd,1550
JumpEnd,1551
RightMoveStart,1552
JumpStart,1556
RightMoveEnd,1556
RightMoveEnd,1573
JumpEnd,1576
JumpStart,1577
RightMoveStart,1584
JumpEnd,1589
RightMoveEnd,1591
JumpStart,1596
LeftMoveStart,1596
RightMoveStart,1612
JumpEnd,1615
JumpStart,1619
RightMoveStart,1624
RightMoveEnd,1627
JumpEnd,1631
JumpStart,1632
JumpEnd,1645
RightMoveEnd,1646
RightMoveEnd,1654
LeftMoveStart,1655
JumpStart,1657
BlockPowerDestroy,1658
JumpEnd,1672
LeftMoveStart,1672
JumpStart,1674
JumpEnd,1680
BlockCoinDestroy,1687
RightMoveStart,1692
RunStateEnd,1695
LeftMoveEnd,1696
BlockCoinDestroy,1698
RunStateStart,1699
JumpStart,1703
LeftMoveEnd,1708
JumpEnd,1709
JumpStart,1714
LeftMoveEnd,1717
JumpEnd,1720
BlockCoinDestroy,1726
LeftMoveStart,1726
JumpStart,1728
RightMoveStart,1733
JumpEnd,1734
BlockCoinDestroy,1736
JumpStart,1742
JumpEnd,1748
JumpStart,1752
BlockCoinDestroy,1756
JumpEnd,1758
LeftMoveStart,1762
JumpStart,1763
JumpEnd,1769
JumpStart,1772
JumpEnd,1778
LeftMoveStart,1779
LeftMoveEnd,1786
JumpStart,1788
RightMoveEnd,1789
JumpEnd,1794
RightMoveEnd,1802
JumpStart,1808
LeftMoveEnd,1812
LeftMoveStart,1812
JumpEnd,1814
LeftMoveEnd,1814
RightMoveStart,1822
JumpStart,1834
JumpEnd,1840
LeftMoveStart,1841
JumpStart,1848
RightMoveStart,1851
JumpEnd,1854
LeftMoveEnd,1854
JumpStart,1858
LeftMoveStart,1865
JumpEnd,1868
JumpStart,1873
LeftMoveEnd,1879
RightMoveStart,1883
RightMoveEnd,1890
BlockPowerDestroy,1891
JumpEnd,1893
JumpStart,1894
RightMoveStart,1903
JumpEnd,1904
LeftMoveEnd,1906
JumpStart,1907
JumpEnd,1913
RightMoveStart,1919
JumpStart,1920
RightMoveEnd,1920
RightMoveEnd,1929
JumpEnd,1936
RightMoveEnd,1937
RightMoveStart,1939
JumpStart,1940
RightMoveEnd,1945
JumpEnd,1958
StompKillGoomba,1960
RightMoveStart,1965
JumpStart,1967
RightMoveEnd,1976
JumpEnd,1987
RunStateEnd,1989
RunStateStart,1991
StompKillGoomba,1997
BlockCoinDestroy,1999
BlockCoinDestroy,2019
RightMoveEnd,2021
LeftMoveStart,2026
JumpStart,2035
JumpEnd,2039
BlockCoinDestroy,2041
RightMoveStart,2044
BlockCoinDestroy,2053
JumpStart,2057
JumpEnd,2063
BlockCoinDestroy,2067
JumpStart,2069
LeftMoveStart,2073
JumpEnd,2075
JumpStart,2083
JumpEnd,2089
RightMoveStart,2100
LeftMoveStart,2110
JumpStart,2119
JumpEnd,2125
LeftMoveStart,2131
JumpStart,2138
LeftMoveEnd,2139
BlockPowerDestroy,2140
LeftMoveStart,2147
RightMoveEnd,2147
JumpEnd,2148
LeftMoveEnd,2155
JumpStart,2156
LeftMoveEnd,2160
JumpEnd,2162
RightMoveStart,2164
RightMoveEnd,2165
LeftMoveEnd,2177
JumpStart,2180
RightMoveStart,2188
JumpEnd,2190
JumpStart,2193
LeftMoveStart,2198
LeftMoveEnd,2204
RightMoveStart,2210
JumpEnd,2213
JumpStart,2218
RightMoveEnd,2221
RightMoveStart,2225
JumpEnd,2228
JumpStart,2233
RightMoveEnd,2234
RightMoveEnd,2240
RightMoveStart,2241
JumpEnd,2243
JumpStart,2251
LeftMoveEnd,2255
RightMoveEnd,2255
BlockCoinDestroy,2260
LeftMoveStart,2265
JumpEnd,2268
BlockCoinDestroy,2270
RightMoveStart,2275
JumpStart,2276
BlockCoinDestroy,2280
RightMoveEnd,2280
JumpEnd,2282
JumpStart,2286
BlockCoinDestroy,2290
JumpEnd,2292
JumpStart,2296
JumpEnd,2302
JumpStart,2306
JumpEnd,2312
LeftMoveStart,2312
JumpStart,2322
RightMoveStart,2327
JumpEnd,2332
JumpStart,2339
LeftMoveEnd,2341
RightMoveEnd,2342
StompKillGoomba,2343
JumpEnd,2354
LeftMoveEnd,2371
JumpStart,2376
LeftMoveStart,2378
JumpEnd,2390
RightMoveStart,2394
RightMoveEnd,2420
DuckStart,2424
DuckEnd,2434
LeftMoveStart,2441
LeftMoveEnd,2459
RightMoveStart,2459
DuckStart,2463
DuckEnd,2472
RightMoveEnd,2473
LeftMoveStart,2475
RightMoveStart,2480
DuckStart,2482
BlockCoinDestroy,2486
DuckEnd,2491
RunStateEnd,2500
RunStateStart,2501
JumpStart,2502
LeftMoveEnd,2507
JumpEnd,2508
LeftMoveEnd,2512
RightMoveEnd,2513
LeftMoveStart,2514
DuckStart,2515
JumpStart,2522
RightMoveEnd,2527
JumpEnd,2530
JumpStart,2534
JumpEnd,2542
LeftMoveEnd,2556
DuckEnd,2557
RightMoveStart,2561
DuckStart,2572
LeftMoveStart,2572
JumpStart,2575
JumpEnd,2583
DuckEnd,2591
RightMoveStart,2593
LeftMoveStart,2618
DuckStart,2619
JumpStart,2619
JumpEnd,2627
RightMoveEnd,2628
DuckEnd,2631
RightMoveStart,2637
LeftMoveEnd,2638
RightMoveEnd,2645
LeftMoveStart,2646
DuckStart,2647
JumpStart,2647
JumpEnd,2655
JumpStart,2664
LeftMoveEnd,2667
JumpEnd,2672
JumpStart,2675
LeftMoveEnd,2677
JumpEnd,2683
RightMoveEnd,2684
JumpStart,2687
JumpEnd,2695
RunStateEnd,2696
JumpStart,2698
RunStateStart,2698
JumpEnd,2706
JumpStart,2709
JumpEnd,2717
RunStateEnd,2724
JumpStart,2732
RunStateStart,2733
JumpEnd,2740
JumpStart,2743
JumpEnd,2752
JumpStart,2753
JumpEnd,2761
JumpStart,2780
DuckEnd,2788
JumpEnd,2788
DuckStart,2804
JumpStart,2805
JumpEnd,2813
DuckEnd,2817
RightMoveStart,2821
JumpStart,2838
LeftMoveStart,2838
DuckStart,2844
JumpEnd,2844
DuckEnd,2849
RightMoveStart,2854
DuckStart,2862
JumpStart,2867
JumpEnd,2875
JumpStart,2885
RightMoveEnd,2890
JumpEnd,2893
JumpStart,2895
JumpEnd,2904
JumpStart,2907
JumpEnd,2915
DuckEnd,2922
LeftMoveStart,2943
JumpStart,2944
DuckStart,2950
JumpEnd,2950
DuckEnd,2954
RightMoveStart,2959
LeftMoveStart,2969
DuckStart,2970
JumpStart,2970
JumpEnd,2978
DuckEnd,2980
RightMoveStart,2985
DuckStart,2993
LeftMoveEnd,2998
DuckEnd,2999
FireStateEnd,2999
RunStateEnd,2999
RightMoveEnd,3008
RightMoveEnd,3014
LittleStateStart,3017
StartLevel,3017
LeftMoveEnd,3033
JumpStart,3050
LeftMoveEnd,3051
RightMoveStart,3051
JumpEnd,3067
RightMoveEnd,3067
RunStateStart,3086
JumpStart,3093
RightMoveStart,3101
JumpEnd,3102
JumpStart,3113
JumpEnd,3128
LittleStateEnd,3136
RunStateEnd,3136
RightMoveEnd,3159
JumpStart,6012
DeathByGap,6016
DieByGoomba,6016
JumpEnd,6016
WonLevel,6017
