Event,Time
LittleStateStart,0
StartLevel,0
RightMoveStart,35
RunStateStart,37
JumpStart,73
JumpEnd,83
LeftMoveStart,89
RightMoveStart,95
JumpStart,98
JumpEnd,115
JumpStart,119
RightMoveStart,122
JumpEnd,133
JumpStart,136
RightMoveEnd,140
RightMoveStart,141
JumpEnd,146
RightMoveEnd,159
RightMoveEnd,175
RightMoveStart,178
RightMoveEnd,184
LeftMoveStart,188
LeftMoveEnd,200
RightMoveStart,204
BlockPowerDestroy,210
RightMoveStart,220
RightMoveEnd,224
JumpStart,225
JumpEnd,233
RightMoveEnd,238
LeftMoveStart,241
LargeStateStart,250
LittleStateEnd,250
RightMoveEnd,256
RightMoveStart,271
LeftMoveEnd,295
JumpStart,300
RightMoveStart,305
StompKillGoomba,311
JumpEnd,312
JumpStart,314
LeftMoveEnd,323
LeftMoveStart,326
JumpEnd,341
JumpStart,343
RightMoveEnd,345
RightMoveStart,348
RightMoveEnd,353
JumpEnd,355
JumpStart,357
RightMoveStart,360
JumpEnd,371
JumpStart,372
RightMoveStart,376
RightMoveEnd,382
JumpEnd,384
BlockPowerDestroy,390
RightMoveStart,397
RightMoveEnd,399
JumpStart,406
RightMoveEnd,409
LeftMoveStart,411
JumpEnd,412
LeftMoveEnd,419
JumpStart,421
RightMoveStart,424
FireStateStart,428
LargeStateEnd,428
RightMoveEnd,431
JumpEnd,449
JumpStart,464
RightMoveStart,468
JumpEnd,476
CollectCoin,478
JumpStart,482
RightMoveEnd,483
RightMoveStart,486
JumpEnd,501
LeftMoveStart,503
LeftMoveEnd,508
RightMoveStart,508
JumpStart,514
RightMoveEnd,519
RightMoveEnd,520
BlockCoinDestroy,521
RightMoveStart,529
JumpEnd,530
JumpStart,537
JumpEnd,543
RightMoveEnd,548
JumpStart,549
JumpEnd,555
LeftMoveStart,558
JumpStart,562
BlockPowerDestroy,577
JumpEnd,578
RightMoveEnd,578
JumpStart,580
JumpEnd,590
JumpStart,593
JumpEnd,599
LeftMoveEnd,599
RightMoveStart,599
LeftMoveStart,608
JumpStart,611
RightMoveStart,615
RightMoveStart,619
JumpEnd,621
LeftMoveEnd,623
RightMoveEnd,633
RightMoveEnd,639
JumpStart,642
RightMoveStart,647
JumpEnd,648
JumpStart,656
RunStateEnd,662
LeftMoveEnd,664
JumpEnd,666
DuckStart,667
DuckEnd,668
DuckStart,669
DuckEnd,671
DuckStart,675
RightMoveEnd,677
DuckEnd,678
FireKillGreenKoopa,687
RunStateStart,702
FireKillGoomba,703
RunStateEnd,704
RunStateStart,706
RunStateEnd,708
RunStateStart,722
RunStateEnd,723
RightMoveEnd,731
RunStateStart,744
RunStateEnd,746
RunStateStart,747
LeftMoveStart,749
RightMoveStart,765
JumpStart,776
RightMoveStart,784
JumpEnd,786
JumpStart,807
JumpEnd,823
BlockPowerDestroy,824
JumpStart,825
RightMoveEnd,831
RightMoveStart,833
JumpEnd,835
JumpStart,840
JumpEnd,846
JumpStart,852
LeftMoveStart,859
JumpEnd,862
RightMoveStart,867
JumpStart,885
RightMoveStart,890
JumpEnd,895
DuckStart,896
DuckEnd,900
RightMoveEnd,900
RightMoveEnd,901
LeftMoveEnd,905
RightMoveEnd,917
JumpStart,946
JumpEnd,952
JumpStart,963
JumpEnd,969
RightMoveStart,970
JumpStart,975
LeftMoveEnd,976
RightMoveEnd,978
JumpEnd,989
DuckStart,992
DuckEnd,998
DuckStart,1000
DuckEnd,1002
DuckStart,1007
DuckEnd,1009
RightMoveStart,1010
JumpStart,1029
LeftMoveStart,1039
JumpEnd,1040
RightMoveStart,1048
RightMoveEnd,1072
JumpStart,1077
RightMoveEnd,1078
RightMoveStart,1082
JumpEnd,1086
RightMoveEnd,1087
JumpStart,1096
RightMoveStart,1099
JumpEnd,1111
JumpStart,1119
FireKillGreenKoopa,1122
RightMoveStart,1123
RightMoveEnd,1126
RunStateEnd,1126
RightMoveEnd,1129
RunStateStart,1129
RunStateEnd,1132
RunStateStart,1135
FireKillGoomba,1136
JumpEnd,1137
RunStateEnd,1138
RunStateStart,1140
RunStateEnd,1143
RightMoveStart,1146
RunStateStart,1154
BlockCoinDestroy,1163
JumpStart,1165
RightMoveEnd,1168
LeftMoveStart,1173
JumpEnd,1176
JumpStart,1179
JumpEnd,1185
RightMoveStart,1186
RightMoveEnd,1195
JumpStart,1217
RightMoveStart,1225
JumpEnd,1227
LeftMoveEnd,1227
BlockCoinDestroyBulletBill,1232
JumpStart,1236
RightMoveEnd,1257
JumpEnd,1268
RightMoveEnd,1272
RightMoveStart,1272
JumpStart,1275
JumpEnd,1295
JumpStart,1310
RightMoveStart,1318
LeftMoveEnd,1319
JumpEnd,1320
JumpStart,1331
JumpEnd,1353
RightMoveEnd,1354
JumpStart,1355
RightMoveStart,1363
JumpEnd,1365
BlockCoinDestroy,1368
JumpStart,1384
JumpEnd,1390
LeftMoveStart,1394
RightMoveEnd,1396
JumpStart,1403
JumpEnd,1409
RightMoveStart,1414
JumpStart,1423
JumpEnd,1429
LeftMoveStart,1432
JumpStart,1434
RightMoveEnd,1438
JumpEnd,1440
RightMoveStart,1443
JumpStart,1444
RightMoveStart,1452
JumpEnd,1454
BlockCoinDestroy,1473
RightMoveEnd,1475
RightMoveEnd,1478
LeftMoveEnd,1480
LeftMoveStart,1480
RightMoveEnd,1488
JumpStart,1489
JumpEnd,1495
JumpStart,1498
JumpEnd,1504
JumpStart,1509
BlockCoinDestroy,1514
JumpEnd,1515
JumpStart,1518
RightMoveStart,1522
BlockCoinDestroy,1523
JumpEnd,1524
JumpStart,1530
JumpEnd,1536
JumpStart,1539
JumpEnd,1545
JumpStart,1550
RunStateEnd,1558
JumpEnd,1559
LeftMoveStart,1561
DuckStart,1562
LeftMoveEnd,1565
DuckEnd,1566
RightMoveStart,1570
RightMoveStart,1592
JumpStart,1596
RightMoveStart,1604
JumpEnd,1606
BlockCoinDestroy,1613
RightMoveEnd,1623
LeftMoveStart,1625
JumpStart,1629
RightMoveEnd,1630
LeftMoveEnd,1633
RightMoveEnd,1634
JumpEnd,1635
RightMoveEnd,1636
RightMoveStart,1648
LeftMoveEnd,1650
JumpStart,1659
JumpEnd,1668
DuckStart,1670
DuckEnd,1673
DuckStart,1678
DuckEnd,1680
RightMoveStart,1681
DuckStart,1683
DuckEnd,1686
DuckStart,1687
DuckEnd,1690
LeftMoveEnd,1707
RightMoveEnd,1717
JumpStart,1727
BlockCoinDestroy,1733
RightMoveStart,1740
JumpEnd,1742
JumpStart,1747
BlockCoinDestroy,1748
JumpEnd,1757
LeftMoveStart,1760
BlockCoinDestroy,1762
JumpStart,1762
RightMoveEnd,1770
RightMoveStart,1770
JumpEnd,1772
BlockCoinDestroy,1775
JumpStart,1776
LeftMoveStart,1785
JumpEnd,1786
JumpStart,1789
RightMoveStart,1794
JumpEnd,1799
RightMoveEnd,1814
RightMoveEnd,1817
LeftMoveEnd,1818
JumpStart,1820
JumpEnd,1831
FireStateEnd,1844
LargeStateStart,1844
StompKillGreenKoopa,1863
JumpStart,1870
LeftMoveStart,1875
RightMoveStart,1890
JumpEnd,1892
JumpStart,1897
RightMoveEnd,1897
RightMoveStart,1901
LeftMoveEnd,1904
JumpEnd,1913
JumpStart,1916
LargeStateEnd,1916
RightMoveEnd,1923
JumpEnd,1943
RightMoveStart,1948
JumpStart,1951
BlockCoinDestroy,1959
JumpEnd,1967
JumpStart,1972
LeftMoveStart,1976
LeftMoveEnd,1979
JumpEnd,1984
RightMoveStart,1989
JumpStart,1995
RightMoveEnd,1996
JumpEnd,2011
JumpStart,2020
RightMoveEnd,2022
RightMoveStart,2028
JumpEnd,2030
RightMoveStart,2047
RightMoveEnd,2059
JumpStart,2076
RightMoveStart,2081
RightMoveEnd,2085
LeftMoveEnd,2089
JumpEnd,2092
RightMoveEnd,2093
RightMoveStart,2111
RightMoveEnd,2135
JumpStart,2137
JumpEnd,2145
RightMoveEnd,2159
RunStateStart,3735
LittleStateStart,4079
RightMoveStart,4304
LittleStateEnd,4308
RunStateEnd,4308
RightMoveEnd,4338
WonLevel,5618
