Event,Time
LittleStateStart,0
StartLevel,0
RightMoveStart,45
JumpStart,59
JumpEnd,71
LeftMoveStart,71
RightMoveStart,80
StompKillGoomba,87
JumpStart,94
LeftMoveStart,107
RightMoveStart,114
JumpEnd,115
RightMoveEnd,132
BlockCoinDestroy,137
RightMoveEnd,141
LeftMoveEnd,145
JumpStart,152
JumpEnd,160
RightMoveStart,165
LeftMoveEnd,167
BlockPowerDestroy,180
RightMoveEnd,183
JumpStart,195
JumpEnd,203
RightMoveStart,205
RightMoveStart,242
LargeStateStart,249
LittleStateEnd,249
RightMoveEnd,253
LeftMoveStart,280
RightMoveEnd,281
JumpStart,306
RightMoveEnd,306
JumpEnd,312
LeftMoveStart,315
JumpStart,323
BlockCoinDestroy,328
JumpEnd,335
LeftMoveStart,337
JumpStart,344
JumpEnd,350
LeftMoveEnd,352
RightMoveStart,361
JumpStart,372
LeftMoveEnd,372
LeftMoveStart,376
JumpEnd,382
RightMoveStart,396
BlockCoinDestroy,401
JumpStart,417
JumpEnd,423
RightMoveStart,433
LeftMoveEnd,434
RightMoveEnd,450
RightMoveStart,455
JumpStart,457
RightMoveStart,457
RightMoveStart,459
RightMoveEnd,460
RightMoveStart,461
RightMoveEnd,462
JumpEnd,467
LeftMoveEnd,475
RightMoveEnd,478
RightMoveEnd,491
JumpStart,494
RightMoveEnd,494
RightMoveStart,496
RightMoveEnd,497
RightMoveStart,498
JumpEnd,502
RightMoveEnd,532
RightMoveEnd,532
RightMoveStart,535
StompKillGoomba,553
JumpStart,556
RightMoveStart,566
RightMoveEnd,574
JumpEnd,581
RightMoveStart,581
JumpStart,592
RightMoveStart,600
JumpEnd,602
LeftMoveStart,603
RightMoveEnd,610
RightMoveEnd,614
JumpStart,617
RightMoveStart,620
RightMoveEnd,621
JumpEnd,627
StompKillGoomba,634
LargeStateEnd,662
LittleStateStart,662
StompKillGoomba,683
JumpStart,686
LeftMoveStart,702
RightMoveStart,710
JumpEnd,711
JumpStart,718
RightMoveEnd,721
RightMoveStart,725
JumpEnd,728
LeftMoveStart,772
RightMoveEnd,786
RightMoveStart,790
LeftMoveEnd,803
JumpStart,809
RightMoveEnd,814
JumpEnd,825
JumpStart,838
LeftMoveEnd,842
JumpEnd,846
BlockPowerDestroy,855
LeftMoveStart,857
LeftMoveEnd,859
JumpStart,870
JumpEnd,878
RightMoveStart,882
LargeStateStart,904
LittleStateEnd,904
RightMoveEnd,921
RightMoveStart,938
JumpStart,950
JumpEnd,966
LeftMoveEnd,966
StompKillGoomba,975
JumpStart,981
StompKillGoomba,984
RightMoveStart,986
JumpEnd,1013
RightMoveStart,1013
RightMoveEnd,1023
RightMoveEnd,1027
RightMoveEnd,1043
JumpStart,1044
LeftMoveStart,1049
JumpEnd,1060
JumpStart,1071
RightMoveEnd,1075
BlockPowerDestroy,1076
LeftMoveStart,1079
JumpEnd,1081
JumpStart,1092
JumpEnd,1098
RightMoveStart,1110
LeftMoveEnd,1125
LeftMoveStart,1129
RightMoveStart,1141
LargeStateEnd,1144
LittleStateStart,1144
StompKillGreenKoopa,1150
UnleashShell,1156
JumpStart,1163
JumpEnd,1182
LeftMoveEnd,1190
RightMoveStart,1190
JumpStart,1196
LeftMoveStart,1201
RightMoveEnd,1203
JumpEnd,1204
JumpStart,1216
RightMoveEnd,1216
RightMoveStart,1226
JumpEnd,1232
LeftMoveStart,1236
LeftMoveEnd,1247
RightMoveEnd,1249
JumpStart,1251
JumpEnd,1267
JumpStart,1271
RightMoveEnd,1271
JumpEnd,1287
LeftMoveEnd,1295
RightMoveStart,1318
JumpStart,1323
RightMoveStart,1337
JumpEnd,1339
LeftMoveEnd,1343
LeftMoveStart,1372
JumpStart,1374
LeftMoveStart,1389
JumpEnd,1390
RightMoveEnd,1390
RightMoveStart,1397
LeftMoveEnd,1413
LeftMoveStart,1423
RightMoveEnd,1428
JumpStart,1434
LeftMoveStart,1442
JumpEnd,1444
RightMoveStart,1459
RightMoveStart,1469
JumpStart,1471
LeftMoveEnd,1474
LeftMoveEnd,1477
RightMoveEnd,1482
LeftMoveStart,1486
JumpEnd,1487
RightMoveEnd,1488
RightMoveStart,1513
LeftMoveEnd,1522
RightMoveEnd,1530
JumpStart,1535
JumpEnd,1548
LeftMoveStart,1552
LeftMoveEnd,1556
JumpStart,1557
LeftMoveStart,1565
JumpEnd,1567
RightMoveStart,1584
RightMoveEnd,1595
LeftMoveEnd,1596
LeftMoveStart,1600
RightMoveStart,1612
JumpStart,1621
LeftMoveEnd,1630
JumpEnd,1634
LeftMoveStart,1635
RightMoveStart,1640
LeftMoveEnd,1646
JumpStart,1654
RightMoveEnd,1662
JumpEnd,1670
RightMoveEnd,1670
LeftMoveEnd,1674
BlockCoinDestroy,1692
JumpStart,1707
JumpEnd,1715
BlockCoinDestroy,1723
RightMoveStart,1723
JumpStart,1738
BlockCoinDestroy,1744
JumpEnd,1746
RightMoveEnd,1748
JumpStart,1759
JumpEnd,1767
BlockCoinDestroy,1775
JumpStart,1790
JumpEnd,1798
LeftMoveStart,1804
JumpStart,1811
JumpEnd,1821
RightMoveStart,1828
JumpStart,1846
RightMoveStart,1855
JumpEnd,1856
BlockPowerDestroy,1861
LeftMoveStart,1868
JumpStart,1876
JumpEnd,1884
RightMoveEnd,1885
RightMoveStart,1890
JumpStart,1894
RightMoveEnd,1894
LittleStateEnd,1897
JumpEnd,1925
RightMoveEnd,1934
LeftMoveEnd,1941
JumpStart,1945
RightMoveStart,1952
RightMoveStart,1954
RightMoveEnd,1957
JumpEnd,1960
JumpStart,1967
RightMoveStart,1972
RightMoveStart,1974
JumpEnd,1977
RightMoveEnd,1986
RightMoveEnd,1991
RightMoveEnd,1992
LeftMoveEnd,1996
LeftMoveStart,1996
RightMoveStart,2007
JumpStart,2009
RightMoveEnd,2015
RightMoveStart,2021
RightMoveStart,2023
RightMoveEnd,2026
JumpEnd,2029
RightMoveStart,2029
RightMoveEnd,2036
JumpStart,2048
RightMoveEnd,2053
LeftMoveStart,2063
JumpEnd,2064
RightMoveEnd,2066
JumpStart,2075
RightMoveStart,2077
BlockCoinDestroy,2082
RightMoveStart,2083
JumpEnd,2085
BlockCoinDestroy,2096
JumpStart,2098
JumpEnd,2104
RightMoveEnd,2105
RightMoveStart,2110
JumpStart,2112
JumpEnd,2123
RightMoveEnd,2130
RightMoveStart,2132
LeftMoveEnd,2133
RightMoveStart,2134
RightMoveStart,2136
JumpStart,2137
RightMoveEnd,2137
RightMoveStart,2138
LeftMoveEnd,2139
RightMoveEnd,2139
RightMoveStart,2140
RightMoveEnd,2141
JumpEnd,2149
JumpStart,2153
RightMoveStart,2153
RightMoveEnd,2154
RightMoveEnd,2155
RightMoveStart,2155
RightMoveEnd,2158
JumpEnd,2163
JumpStart,2165
RightMoveEnd,2167
JumpEnd,2179
JumpStart,2193
JumpEnd,2203
RightMoveStart,2206
RightMoveEnd,2207
RightMoveStart,2208
JumpStart,2210
RightMoveStart,2210
RightMoveEnd,2211
RightMoveStart,2212
RightMoveEnd,2213
JumpEnd,2222
RightMoveEnd,2224
JumpStart,2227
RightMoveStart,2232
JumpEnd,2239
RightMoveStart,2246
JumpStart,2249
RightMoveEnd,2258
RightMoveEnd,2261
JumpEnd,2265
JumpStart,2286
RightMoveStart,2289
JumpEnd,2296
RightMoveEnd,2302
RightMoveStart,2316
StompKillGoomba,2328
JumpStart,2331
RightMoveEnd,2352
JumpEnd,2356
StompKillGoomba,2357
RightMoveEnd,2358
JumpStart,2360
RightMoveStart,2367
RightMoveStart,2371
RightMoveEnd,2377
BlockCoinDestroy,2383
JumpEnd,2385
RightMoveStart,2385
JumpStart,2399
JumpEnd,2405
RightMoveEnd,2420
JumpStart,2426
RightMoveStart,2429
JumpEnd,2438
JumpStart,2440
RightMoveEnd,2442
JumpEnd,2452
JumpStart,2455
RightMoveStart,2455
RightMoveStart,2457
JumpEnd,2467
RightMoveStart,2470
RightMoveEnd,2471
RightMoveStart,2472
JumpStart,2474
RightMoveStart,2474
RightMoveEnd,2475
RightMoveStart,2476
RightMoveEnd,2477
RightMoveEnd,2482
RightMoveEnd,2484
JumpEnd,2485
RightMoveStart,2485
RightMoveEnd,2486
JumpStart,2487
RightMoveStart,2487
RightMoveStart,2489
RightMoveEnd,2490
RightMoveEnd,2495
RightMoveEnd,2498
JumpEnd,2501
RightMoveEnd,2536
JumpStart,2595
JumpEnd,2604
LargeStateStart,4519
RightMoveStart,5212
LargeStateEnd,5226
RightMoveEnd,5327
WonLevel,6800
