Event,Time
LittleStateStart,0
StartLevel,0
JumpStart,30
JumpEnd,44
RightMoveStart,49
RunStateStart,68
JumpStart,73
RightMoveStart,74
RunStateEnd,76
JumpEnd,88
LeftMoveStart,89
RightMoveStart,98
RunStateStart,100
RunStateEnd,105
LeftMoveStart,107
RightMoveEnd,113
BlockCoinDestroy,122
RightMoveEnd,123
RightMoveEnd,135
JumpStart,137
RightMoveStart,143
JumpEnd,145
LeftMoveEnd,156
JumpStart,159
RightMoveStart,167
JumpEnd,171
RunStateStart,172
JumpStart,182
JumpEnd,197
LeftMoveEnd,197
JumpStart,201
RightMoveEnd,204
RightMoveStart,204
RunStateEnd,210
BlockPowerDestroy,215
JumpEnd,217
LeftMoveStart,221
RightMoveEnd,221
BlockPowerDestroy,225
JumpStart,230
JumpEnd,238
JumpStart,240
RightMoveStart,247
JumpEnd,250
RunStateStart,255
LargeStateStart,257
LittleStateEnd,257
RightMoveEnd,257
JumpStart,300
RightMoveStart,301
RightMoveStart,308
JumpEnd,310
RunStateEnd,312
BlockCoinDestroy,319
RightMoveEnd,325
RightMoveEnd,329
BlockCoinDestroy,330
RightMoveStart,333
JumpStart,335
JumpEnd,341
JumpStart,346
BlockCoinDestroy,347
JumpEnd,352
LeftMoveEnd,352
RightMoveEnd,360
JumpStart,363
JumpEnd,369
JumpStart,379
LeftMoveStart,383
LeftMoveStart,387
JumpEnd,389
RightMoveStart,395
RunStateStart,396
LeftMoveEnd,398
JumpStart,401
RightMoveEnd,405
JumpEnd,411
RightMoveStart,433
JumpStart,452
RightMoveEnd,459
RightMoveStart,460
JumpEnd,462
JumpStart,468
RunStateEnd,473
BlockPowerDestroy,477
RightMoveStart,478
JumpEnd,480
JumpStart,493
RightMoveEnd,497
JumpEnd,499
RightMoveStart,502
RightMoveEnd,504
RightMoveEnd,505
JumpStart,506
RunStateStart,507
LeftMoveStart,514
FireStateStart,516
LargeStateEnd,516
RunStateEnd,521
FireKillGoomba,537
RightMoveEnd,537
RightMoveStart,537
RightMoveStart,543
FireKillGoomba,544
JumpEnd,544
LeftMoveEnd,548
LeftMoveStart,551
RunStateStart,552
RunStateEnd,555
RightMoveEnd,556
RunStateStart,557
RunStateEnd,559
RunStateStart,561
RunStateEnd,563
RunStateStart,565
RunStateEnd,567
RunStateStart,569
RightMoveStart,570
RunStateEnd,571
RunStateStart,573
RunStateEnd,575
RightMoveEnd,577
BlockCoinDestroy,581
JumpStart,583
LeftMoveStart,586
LeftMoveEnd,590
JumpEnd,592
JumpStart,597
RightMoveStart,601
JumpEnd,603
RunStateStart,609
JumpStart,612
RightMoveEnd,612
RightMoveStart,620
JumpEnd,622
RightMoveStart,632
LeftMoveEnd,635
RightMoveEnd,640
RightMoveEnd,646
RunStateEnd,648
RunStateStart,650
RunStateEnd,659
LeftMoveEnd,663
JumpStart,668
RightMoveStart,675
RightMoveEnd,683
JumpEnd,684
JumpStart,690
RightMoveStart,698
JumpEnd,700
JumpStart,709
RightMoveStart,716
JumpEnd,719
RunStateStart,721
RightMoveEnd,722
RightMoveEnd,734
LeftMoveStart,739
RightMoveStart,747
JumpStart,748
BlockPowerDestroy,755
RightMoveEnd,756
JumpEnd,758
JumpStart,771
JumpEnd,777
LeftMoveStart,779
RightMoveStart,789
RightMoveEnd,794
RunStateEnd,796
RunStateStart,799
JumpStart,801
FireKillGoomba,805
RightMoveStart,809
JumpEnd,811
RightMoveStart,827
LeftMoveEnd,828
JumpStart,834
RightMoveStart,837
RightMoveEnd,844
JumpEnd,846
RightMoveEnd,846
JumpStart,848
RightMoveEnd,849
JumpEnd,858
JumpStart,862
JumpEnd,876
RunStateEnd,880
RightMoveStart,889
RunStateStart,889
JumpStart,893
RightMoveEnd,893
LeftMoveEnd,899
RunStateEnd,909
JumpEnd,911
RunStateStart,915
RunStateEnd,918
RunStateStart,920
FireKillGoomba,925
JumpStart,947
JumpEnd,953
JumpStart,961
RightMoveStart,970
JumpEnd,972
RunStateEnd,985
RightMoveStart,986
RunStateStart,988
JumpStart,992
RightMoveEnd,996
RightMoveStart,996
RightMoveEnd,1003
JumpEnd,1006
RightMoveStart,1013
JumpStart,1016
RightMoveEnd,1017
JumpEnd,1032
RightMoveStart,1038
JumpStart,1043
RightMoveEnd,1049
JumpEnd,1059
RightMoveStart,1065
JumpStart,1066
RightMoveEnd,1066
JumpEnd,1080
LeftMoveStart,1081
RightMoveEnd,1084
JumpStart,1086
RightMoveStart,1086
JumpEnd,1100
JumpStart,1106
RightMoveEnd,1107
JumpEnd,1120
LeftMoveStart,1123
RightMoveStart,1132
JumpStart,1133
RightMoveEnd,1141
LeftMoveStart,1147
JumpEnd,1148
RightMoveStart,1150
JumpStart,1153
JumpEnd,1167
JumpStart,1172
LeftMoveEnd,1173
LeftMoveEnd,1173
RightMoveStart,1178
JumpEnd,1184
RightMoveEnd,1185
RightMoveEnd,1192
RightMoveStart,1193
FireStateEnd,1198
LargeStateStart,1198
BlockCoinDestroy,1205
RunStateEnd,1206
StompKillGoomba,1208
RunStateStart,1209
RunStateEnd,1212
StompKillGoomba,1217
RightMoveEnd,1220
JumpStart,1221
LeftMoveStart,1235
JumpEnd,1241
RightMoveEnd,1244
RightMoveStart,1246
JumpStart,1250
JumpEnd,1264
BlockPowerDestroy,1265
JumpStart,1267
RightMoveStart,1275
JumpEnd,1277
JumpStart,1281
JumpEnd,1287
RightMoveStart,1292
JumpStart,1295
LargeStateEnd,1300
RightMoveEnd,1307
RightMoveEnd,1317
LeftMoveStart,1319
RightMoveEnd,1320
RightMoveStart,1329
JumpEnd,1332
LeftMoveEnd,1333
FireKillGoomba,1346
JumpStart,1370
RightMoveStart,1373
JumpEnd,1382
LeftMoveEnd,1387
JumpStart,1396
RightMoveEnd,1399
RightMoveStart,1399
LeftMoveEnd,1405
JumpEnd,1407
LeftMoveStart,1411
JumpStart,1420
JumpEnd,1430
RightMoveEnd,1436
RightMoveEnd,1438
LeftMoveStart,1448
JumpStart,1456
JumpEnd,1463
LeftMoveEnd,1491
LeftMoveEnd,1510
FireStateStart,2781
RunStateStart,2817
RightMoveStart,2936
FireStateEnd,2944
RunStateEnd,2944
RightMoveEnd,3000
WonLevel,3790
