Event,Time
LittleStateStart,0
StartLevel,0
BlockCoinDestroy,111
BlockCoinDestroy,139
RightMoveStart,188
RightMoveEnd,203
RightMoveEnd,215
BlockPowerDestroy,236
RightMoveEnd,285
BlockPowerDestroy,289
JumpStart,290
RightMoveStart,296
RightMoveStart,298
JumpEnd,299
RightMoveEnd,302
RightMoveStart,306
BlockPowerDestroy,309
LeftMoveStart,319
JumpStart,324
RightMoveEnd,326
RightMoveStart,328
JumpEnd,332
LargeStateStart,349
LittleStateEnd,349
BlockCoinDestroy,376
LeftMoveStart,378
StompKillGreenKoopa,379
JumpStart,392
JumpEnd,398
RightMoveEnd,399
RightMoveStart,404
UnleashShell,404
RightMoveEnd,405
ShellKillGoomba,409
JumpStart,412
JumpEnd,418
LeftMoveEnd,434
RightMoveStart,434
JumpStart,435
LeftMoveEnd,435
StompKillGoomba,435
RightMoveStart,436
RightMoveStart,438
RightMoveEnd,439
JumpEnd,445
DuckStart,447
DuckEnd,458
LeftMoveEnd,462
RightMoveEnd,465
StompKillGreenKoopa,466
JumpStart,472
UnleashShell,476
LeftMoveStart,491
RightMoveEnd,491
UnleashShell,494
RightMoveEnd,500
RightMoveEnd,509
ShellKillGoomba,509
LittleStateStart,511
StartLevel,511
JumpEnd,519
StartLevel,529
RightMoveStart,531
RightMoveStart,543
BlockCoinDestroy,563
RunStateStart,568
RightMoveStart,578
JumpStart,579
RunStateEnd,579
RunStateStart,580
JumpEnd,585
RunStateEnd,588
LeftMoveStart,603
JumpStart,626
RightMoveStart,626
JumpEnd,636
JumpStart,637
BlockPowerDestroy,639
RunStateStart,642
LeftMoveEnd,643
LeftMoveStart,644
JumpEnd,645
RunStateEnd,646
JumpStart,655
LeftMoveEnd,657
LeftMoveStart,660
RightMoveStart,662
RightMoveStart,664
JumpEnd,666
JumpStart,666
RightMoveStart,666
RightMoveEnd,667
JumpEnd,674
LeftMoveStart,678
RightMoveEnd,679
RightMoveStart,684
JumpStart,691
RightMoveStart,693
RightMoveEnd,695
RightMoveEnd,699
JumpEnd,701
LeftMoveEnd,702
JumpStart,708
JumpStart,712
RightMoveStart,712
LeftMoveStart,715
FireStateStart,718
JumpEnd,718
LargeStateEnd,718
LeftMoveStart,718
LeftMoveEnd,726
RightMoveStart,728
RightMoveStart,731
JumpStart,733
RightMoveStart,733
RightMoveEnd,735
RightMoveStart,735
RightMoveEnd,736
LeftMoveEnd,737
RightMoveStart,737
RightMoveEnd,738
RightMoveEnd,738
RightMoveEnd,741
RightMoveStart,741
JumpEnd,743
RightMoveEnd,745
JumpEnd,746
RightMoveEnd,746
RunStateStart,747
RunStateEnd,748
LeftMoveStart,750
RightMoveEnd,751
JumpStart,753
JumpStart,764
JumpEnd,771
JumpEnd,776
LeftMoveEnd,777
DuckStart,779
LeftMoveEnd,781
DuckEnd,787
RightMoveStart,788
JumpStart,795
RightMoveStart,796
RunStateStart,796
LittleStateStart,797
RunStateEnd,800
RightMoveStart,803
RunStateStart,803
JumpEnd,805
RunStateEnd,806
RunStateStart,810
RunStateEnd,814
JumpStart,815
JumpEnd,823
LeftMoveEnd,827
RunStateStart,828
RunStateEnd,832
RightMoveEnd,834
LargeStateStart,846
LittleStateEnd,846
RightMoveEnd,852
RightMoveEnd,852
RightMoveStart,857
JumpStart,859
RightMoveStart,859
RightMoveEnd,861
RightMoveStart,861
RightMoveEnd,862
RightMoveStart,863
RightMoveEnd,864
RightMoveStart,865
RightMoveEnd,866
RightMoveStart,866
RightMoveStart,867
JumpStart,868
RightMoveEnd,868
JumpEnd,869
RightMoveStart,876
DuckStart,880
JumpEnd,882
DuckEnd,892
LeftMoveStart,893
RightMoveEnd,894
JumpStart,899
RightMoveEnd,903
RightMoveStart,909
RightMoveStart,912
JumpEnd,915
DuckStart,919
LeftMoveStart,922
RightMoveEnd,927
DuckEnd,930
LeftMoveStart,933
RightMoveEnd,933
RightMoveStart,944
JumpStart,951
JumpStart,953
RightMoveEnd,953
RunStateStart,961
JumpEnd,973
JumpEnd,974
RunStateEnd,976
LeftMoveEnd,983
RightMoveEnd,984
JumpStart,988
JumpEnd,1004
LargeStateEnd,1022
RightMoveEnd,1038
LeftMoveStart,1063
JumpStart,1064
JumpEnd,1079
RightMoveStart,1079
LeftMoveEnd,1086
JumpStart,1087
RightMoveStart,1093
RightMoveStart,1095
JumpEnd,1097
RightMoveEnd,1099
RightMoveStart,1103
RightMoveEnd,1108
DuckStart,1112
LeftMoveEnd,1118
DuckEnd,1120
JumpStart,1125
JumpEnd,1145
JumpStart,1146
RightMoveStart,1160
JumpEnd,1162
JumpStart,1166
RightMoveEnd,1167
RightMoveStart,1168
RightMoveStart,1170
RightMoveStart,1172
RightMoveEnd,1173
RightMoveStart,1174
RightMoveEnd,1175
JumpEnd,1176
RightMoveEnd,1177
DuckStart,1184
DuckEnd,1189
RightMoveEnd,1192
RightMoveStart,1192
DuckStart,1194
DuckEnd,1202
LeftMoveEnd,1208
RightMoveEnd,1218
BlockCoinDestroy,1219
RightMoveEnd,1227
JumpStart,1235
JumpEnd,1241
JumpStart,1253
RightMoveStart,1261
JumpEnd,1263
DuckStart,1268
DuckEnd,1272
RightMoveEnd,1278
RightMoveStart,1278
DuckStart,1282
DuckEnd,1287
RightMoveStart,1291
RightMoveEnd,1304
RunStateStart,1318
RunStateEnd,1320
LeftMoveStart,1338
RightMoveEnd,1343
RightMoveEnd,1346
RightMoveStart,1348
JumpStart,1349
LeftMoveStart,1355
BlockCoinDestroy,1359
JumpEnd,1362
RightMoveStart,1367
JumpStart,1375
JumpEnd,1382
LeftMoveEnd,1383
FireStateEnd,1385
RightMoveEnd,1399
LittleStateStart,1403
StartLevel,1403
RightMoveEnd,1410
RightMoveStart,1443
JumpStart,1538
RightMoveStart,1543
RightMoveStart,1545
RightMoveStart,1547
RightMoveEnd,1548
RightMoveEnd,1550
JumpEnd,1551
RightMoveStart,1553
JumpStart,1557
JumpEnd,1565
LittleStateEnd,1576
LeftMoveStart,1581
JumpStart,1586
RightMoveEnd,1586
JumpEnd,1594
RightMoveEnd,1606
JumpStart,1612
RightMoveStart,1612
RightMoveStart,1620
JumpEnd,1622
LeftMoveEnd,1622
JumpStart,1638
LeftMoveStart,1644
RightMoveEnd,1644
LeftMoveStart,1648
JumpEnd,1650
RightMoveEnd,1651
JumpStart,1654
LeftMoveEnd,1661
JumpEnd,1662
RightMoveStart,1664
RightMoveEnd,1678
LeftMoveStart,1695
LargeStateStart,1698
LittleStateEnd,1698
LeftMoveEnd,1708
RightMoveStart,1721
RightMoveStart,1728
RightMoveStart,1730
JumpStart,1731
RightMoveStart,1732
RightMoveEnd,1733
RightMoveStart,1734
RightMoveEnd,1735
RightMoveEnd,1736
RightMoveEnd,1738
JumpEnd,1745
JumpStart,1758
LeftMoveEnd,1767
LeftMoveStart,1768
RightMoveEnd,1769
JumpEnd,1770
RightMoveEnd,1784
JumpStart,1788
RightMoveStart,1791
LeftMoveStart,1800
JumpEnd,1811
RightMoveStart,1816
JumpStart,1844
LeftMoveEnd,1847
RightMoveEnd,1856
JumpEnd,1860
LeftMoveEnd,1863
RightMoveStart,1865
RightMoveEnd,1885
RightMoveStart,1885
RightMoveStart,1887
RightMoveStart,1889
RightMoveEnd,1890
RightMoveStart,1891
RightMoveEnd,1892
RightMoveEnd,1894
LargeStateEnd,1896
RightMoveEnd,1906
RightMoveEnd,1933
DeathByGap,2226
DeathByGap,3056
DeathByGap,3056
LostLevel,3057
