Event,Time
LittleStateStart,0
StartLevel,0
RightMoveStart,61
StompKillGoomba,81
RightMoveStart,89
BlockCoinDestroy,111
LeftMoveStart,117
BlockCoinDestroy,121
JumpStart,126
BlockCoinDestroy,131
JumpEnd,134
BlockCoinDestroy,138
BlockCoinDestroy,144
RightMoveEnd,144
BlockPowerDestroy,146
JumpStart,146
BlockCoinDestroy,151
RightMoveEnd,152
JumpEnd,154
JumpStart,159
JumpEnd,167
RightMoveStart,169
LeftMoveEnd,173
BlockCoinDestroy,182
LeftMoveEnd,183
LeftMoveEnd,189
JumpStart,197
JumpEnd,205
JumpStart,207
BlockCoinDestroy,210
RightMoveStart,218
RightMoveStart,220
JumpEnd,222
JumpStart,225
RightMoveEnd,231
JumpEnd,233
BlockCoinDestroy,234
LeftMoveStart,237
JumpStart,249
BlockPowerDestroy,251
RightMoveEnd,251
RightMoveEnd,251
JumpEnd,257
RightMoveStart,263
RightMoveEnd,268
JumpStart,275
StompKillGoomba,277
BlockPowerDestroy,279
JumpEnd,285
JumpStart,294
RightMoveEnd,297
LeftMoveStart,301
JumpEnd,302
LeftMoveEnd,302
BlockCoinDestroy,308
RightMoveStart,311
RightMoveStart,317
RightMoveStart,319
RightMoveEnd,323
RightMoveEnd,324
RightMoveStart,328
BlockCoinDestroy,332
LargeStateStart,338
LittleStateEnd,338
RightMoveEnd,343
BlockCoinDestroy,351
BlockCoinDestroy,359
LeftMoveStart,363
RightMoveEnd,364
LeftMoveEnd,367
LeftMoveStart,367
RightMoveEnd,371
StompKillGoomba,373
BlockCoinDestroy,375
JumpStart,375
JumpEnd,379
LeftMoveEnd,382
StompKillGoomba,393
BlockCoinDestroy,395
JumpStart,395
JumpEnd,398
LeftMoveEnd,398
RightMoveStart,404
JumpStart,410
RightMoveStart,415
StompKillGreenKoopa,417
JumpEnd,422
LeftMoveEnd,427
UnleashShell,427
ShellKillGoomba,429
StompKillGoomba,429
RightMoveStart,434
RightMoveStart,436
RightMoveStart,438
RightMoveEnd,439
ShellKillGoomba,440
RightMoveEnd,441
RightMoveEnd,444
RightMoveEnd,454
BlockCoinDestroy,462
RightMoveStart,473
JumpStart,478
BlockCoinDestroy,483
JumpEnd,484
RightMoveEnd,489
JumpStart,493
BlockCoinDestroy,494
UnleashShell,502
JumpEnd,506
JumpStart,510
LeftMoveStart,512
RightMoveStart,522
JumpEnd,526
LargeStateEnd,530
LittleStateStart,530
RightMoveEnd,546
RightMoveStart,562
BlockCoinDestroy,564
LeftMoveStart,565
JumpStart,573
BlockCoinDestroy,576
JumpEnd,589
JumpStart,600
RightMoveEnd,603
BlockCoinDestroy,607
JumpEnd,610
RightMoveEnd,610
LittleStateEnd,624
LeftMoveEnd,631
LittleStateStart,642
StartLevel,642
StartLevel,642
LeftMoveEnd,659
LeftMoveStart,666
LittleStateStart,686
RightMoveStart,687
JumpStart,690
LeftMoveStart,692
JumpEnd,710
RightMoveStart,722
JumpStart,723
BlockCoinDestroy,736
JumpEnd,751
RightMoveStart,757
RightMoveEnd,768
StompKillGreenKoopa,775
JumpStart,778
LeftMoveStart,778
StompKillGoomba,781
JumpEnd,786
JumpStart,795
JumpEnd,803
JumpStart,808
RightMoveEnd,812
JumpEnd,816
RightMoveStart,819
LittleStateStart,828
StartLevel,828
LeftMoveStart,843
JumpStart,849
RightMoveStart,856
DieByGoomba,864
LeftMoveStart,864
JumpEnd,865
RightMoveStart,871
LeftMoveStart,879
JumpStart,881
LeftMoveStart,882
LeftMoveEnd,887
LeftMoveStart,889
JumpEnd,891
RightMoveEnd,893
RightMoveEnd,900
LeftMoveEnd,901
LeftMoveStart,901
LeftMoveEnd,904
RightMoveEnd,904
RightMoveStart,904
JumpStart,908
LeftMoveEnd,908
JumpStart,915
JumpEnd,916
LeftMoveEnd,918
LeftMoveEnd,922
RightMoveStart,924
RightMoveStart,926
JumpEnd,928
JumpStart,939
LargeStateStart,939
LittleStateEnd,939
LeftMoveStart,946
JumpEnd,957
JumpStart,966
RightMoveEnd,967
JumpStart,970
JumpEnd,972
JumpStart,975
LeftMoveStart,978
JumpEnd,980
RightMoveStart,986
JumpEnd,988
JumpStart,989
JumpStart,990
JumpEnd,994
JumpEnd,997
RightMoveStart,1003
JumpStart,1009
LeftMoveEnd,1012
JumpEnd,1015
LargeStateStart,1020
LittleStateEnd,1020
JumpStart,1021
LeftMoveEnd,1023
RightMoveStart,1033
RightMoveEnd,1038
JumpEnd,1039
RightMoveStart,1048
JumpStart,1065
JumpStart,1069
RightMoveStart,1073
JumpEnd,1075
JumpEnd,1079
JumpStart,1082
RightMoveEnd,1082
RightMoveEnd,1094
JumpEnd,1098
RightMoveStart,1102
LeftMoveStart,1104
JumpStart,1111
JumpStart,1111
RightMoveEnd,1118
JumpEnd,1123
RightMoveStart,1128
RightMoveStart,1130
RightMoveStart,1130
RightMoveStart,1132
JumpEnd,1133
RightMoveEnd,1133
JumpStart,1135
JumpStart,1142
JumpEnd,1147
RightMoveEnd,1149
RightMoveEnd,1153
JumpStart,1154
RightMoveEnd,1155
RightMoveEnd,1156
JumpEnd,1157
JumpStart,1161
JumpEnd,1167
RightMoveStart,1167
RightMoveStart,1169
JumpEnd,1171
RightMoveEnd,1171
LeftMoveStart,1196
RightMoveEnd,1197
RightMoveEnd,1203
RightMoveStart,1204
RightMoveStart,1208
JumpStart,1210
JumpStart,1220
JumpEnd,1224
JumpStart,1232
JumpEnd,1234
LeftMoveStart,1241
JumpEnd,1242
RightMoveEnd,1256
LeftMoveStart,1257
JumpStart,1265
RightMoveStart,1269
JumpEnd,1271
RightMoveStart,1277
RightMoveStart,1278
JumpStart,1288
RightMoveEnd,1295
RightMoveStart,1295
JumpEnd,1303
JumpStart,1307
RightMoveEnd,1311
RightMoveEnd,1314
RightMoveStart,1315
JumpEnd,1317
JumpStart,1325
LeftMoveEnd,1327
JumpEnd,1335
LeftMoveEnd,1337
RightMoveEnd,1351
LittleStateEnd,1354
LeftMoveStart,1356
RightMoveEnd,1363
RightMoveStart,1363
JumpStart,1367
JumpStart,1375
RightMoveEnd,1376
JumpEnd,1381
LargeStateEnd,1382
LittleStateStart,1382
RightMoveStart,1388
JumpEnd,1389
JumpStart,1394
JumpEnd,1400
JumpStart,1407
LeftMoveStart,1407
JumpStart,1412
LargeStateEnd,1412
LittleStateStart,1412
LeftMoveEnd,1413
JumpEnd,1415
RightMoveEnd,1415
LeftMoveEnd,1416
JumpStart,1429
JumpEnd,1439
JumpEnd,1452
LittleStateEnd,1452
LittleStateEnd,1452
LeftMoveEnd,1464
RightMoveEnd,1472
LeftMoveEnd,1578
RightMoveEnd,1892
DieByGoomba,2049
DieByGreenKoopa,2264
LostLevel,2827
