Event,Time
LittleStateStart,0
StartLevel,0
RightMoveStart,40
BlockCoinDestroy,70
BlockCoinDestroy,96
RunStateStart,101
RunStateEnd,105
BlockPowerDestroy,108
JumpStart,111
JumpEnd,119
LeftMoveStart,126
RightMoveEnd,130
JumpStart,139
BlockPowerDestroy,144
RightMoveStart,144
JumpEnd,149
RightMoveEnd,154
JumpStart,159
RightMoveEnd,164
JumpEnd,167
JumpStart,178
LargeStateStart,180
LittleStateEnd,180
BlockPowerDestroy,183
StompKillGreenKoopa,196
RightMoveStart,200
JumpEnd,204
UnleashShell,217
JumpStart,218
RightMoveStart,221
ShellKillGoomba,221
JumpEnd,230
LeftMoveEnd,239
JumpStart,243
JumpEnd,257
RightMoveStart,272
JumpStart,273
RightMoveEnd,273
RightMoveEnd,276
StompKillGreenKoopa,280
LeftMoveEnd,286
JumpEnd,288
RightMoveEnd,291
RightMoveStart,297
StartLevel,302
UnleashShell,303
ShellKillGoomba,306
JumpStart,321
RightMoveStart,323
JumpEnd,337
RightMoveEnd,341
RightMoveEnd,342
RightMoveStart,344
LargeStateEnd,357
RightMoveEnd,366
RightMoveEnd,373
LittleStateStart,375
StartLevel,375
RightMoveStart,403
JumpStart,459
JumpEnd,468
BlockPowerDestroy,470
LeftMoveEnd,470
LeftMoveStart,471
LittleStateStart,479
JumpStart,496
RightMoveStart,501
RightMoveStart,508
RightMoveStart,510
RightMoveStart,510
JumpEnd,512
RightMoveEnd,516
RightMoveEnd,521
LeftMoveStart,522
JumpStart,529
RightMoveStart,533
RightMoveStart,537
JumpEnd,539
RunStateStart,540
RightMoveEnd,559
RightMoveEnd,562
LeftMoveStart,565
JumpStart,568
JumpStart,573
JumpEnd,581
LeftMoveEnd,583
RightMoveStart,584
JumpEnd,586
LargeStateStart,598
LittleStateEnd,598
RightMoveEnd,605
LeftMoveEnd,621
JumpStart,633
JumpEnd,647
JumpStart,662
LeftMoveStart,673
JumpEnd,684
RightMoveStart,690
RightMoveEnd,692
JumpStart,714
RightMoveEnd,719
DeathByGap,732
JumpEnd,732
LeftMoveStart,732
RightMoveStart,746
JumpStart,771
RightMoveStart,775
RightMoveStart,777
RightMoveStart,779
RightMoveEnd,780
JumpEnd,781
LeftMoveEnd,797
LeftMoveEnd,804
RightMoveEnd,805
LeftMoveStart,809
RightMoveEnd,810
JumpStart,817
RightMoveStart,821
JumpEnd,827
RightMoveEnd,830
JumpStart,833
RightMoveEnd,837
LeftMoveStart,842
JumpEnd,846
JumpStart,861
JumpEnd,867
RightMoveStart,872
RightMoveEnd,883
LeftMoveStart,892
LeftMoveEnd,894
LeftMoveEnd,895
JumpStart,904
LeftMoveStart,909
FireStateStart,910
LargeStateEnd,910
CollectCoin,918
RightMoveStart,932
LittleStateEnd,940
RunStateEnd,940
JumpEnd,942
RightMoveEnd,942
JumpStart,948
LeftMoveEnd,948
LeftMoveEnd,951
JumpEnd,964
LeftMoveStart,974
RightMoveStart,976
BlockCoinDestroy,995
RunStateStart,1004
RunStateEnd,1006
RunStateStart,1009
BlockCoinDestroy,1010
RunStateEnd,1012
RunStateStart,1014
RunStateEnd,1016
RightMoveStart,1019
BlockCoinDestroy,1025
RightMoveEnd,1033
LeftMoveEnd,1040
RightMoveStart,1053
JumpStart,1056
RightMoveEnd,1060
RightMoveStart,1060
JumpEnd,1070
DuckStart,1073
DuckEnd,1080
RightMoveStart,1084
RightMoveEnd,1085
RightMoveEnd,1088
RightMoveEnd,1095
RightMoveStart,1129
RightMoveStart,1131
RightMoveEnd,1134
RightMoveEnd,1152
RightMoveStart,1153
RightMoveStart,1155
RightMoveEnd,1158
JumpStart,1161
RightMoveStart,1164
JumpEnd,1173
RightMoveEnd,1175
RightMoveEnd,1176
RightMoveEnd,1185
BlockCoinDestroy,1203
RightMoveStart,1210
RightMoveStart,1212
JumpStart,1213
RightMoveStart,1214
RightMoveEnd,1215
RightMoveStart,1216
RightMoveEnd,1217
JumpEnd,1228
RightMoveStart,1235
RightMoveEnd,1236
RightMoveStart,1237
RightMoveStart,1239
RightMoveEnd,1240
RightMoveEnd,1242
LeftMoveStart,1243
JumpStart,1248
RightMoveStart,1253
RightMoveEnd,1255
RightMoveEnd,1257
JumpEnd,1261
LeftMoveStart,1272
LeftMoveStart,1284
RightMoveEnd,1285
RightMoveStart,1295
JumpStart,1297
LeftMoveEnd,1298
LeftMoveEnd,1310
JumpEnd,1315
LeftMoveStart,1362
JumpStart,1386
JumpEnd,1392
LeftMoveStart,1397
JumpStart,1401
RightMoveEnd,1403
JumpEnd,1407
JumpStart,1416
JumpEnd,1422
RightMoveStart,1426
JumpStart,1445
JumpEnd,1457
LeftMoveEnd,1460
DuckStart,1471
LeftMoveEnd,1471
DuckEnd,1476
RightMoveStart,1480
JumpStart,1507
LeftMoveEnd,1514
JumpEnd,1523
JumpStart,1543
RightMoveStart,1548
RightMoveStart,1550
JumpEnd,1553
RightMoveEnd,1590
JumpStart,1594
RightMoveEnd,1596
JumpEnd,1600
RightMoveEnd,1613
FireStateEnd,1615
LargeStateStart,1615
RightMoveEnd,1617
DuckStart,1634
DuckEnd,1636
DuckStart,1638
DuckEnd,1663
RightMoveStart,1664
DuckStart,1677
DuckEnd,1737
DuckStart,1749
DuckEnd,1780
JumpStart,1784
RightMoveStart,1784
RightMoveStart,1786
RightMoveStart,1788
RightMoveEnd,1789
RightMoveEnd,1792
JumpEnd,1798
DuckStart,1801
RightMoveEnd,1802
LittleStateStart,1809
StartLevel,1809
RightMoveStart,1833
DuckEnd,1849
RightMoveStart,1852
RightMoveStart,1854
JumpStart,1855
RightMoveStart,1856
RightMoveEnd,1857
RightMoveStart,1858
RightMoveEnd,1859
JumpStart,1865
JumpEnd,1873
JumpEnd,1881
DuckStart,1885
LeftMoveStart,1887
JumpStart,1896
RightMoveStart,1898
RightMoveEnd,1905
JumpEnd,1906
RightMoveEnd,1907
RightMoveEnd,1917
LeftMoveStart,1920
LeftMoveStart,1924
JumpStart,1932
JumpEnd,1940
LeftMoveEnd,1941
RightMoveStart,1942
DuckEnd,1953
LeftMoveEnd,1955
RightMoveStart,1957
LargeStateStart,1958
LittleStateEnd,1958
DuckStart,1966
RightMoveStart,1966
RightMoveEnd,1977
DuckEnd,1981
LeftMoveStart,1982
RightMoveEnd,1984
JumpStart,1985
RightMoveStart,1988
JumpEnd,1999
RightMoveStart,2000
DuckStart,2008
JumpStart,2010
JumpStart,2014
LeftMoveStart,2023
DuckEnd,2026
JumpEnd,2026
RightMoveEnd,2031
DuckStart,2033
JumpEnd,2034
RightMoveStart,2037
RightMoveEnd,2059
DuckEnd,2060
JumpStart,2062
RightMoveEnd,2064
RightMoveStart,2066
RightMoveEnd,2068
JumpEnd,2074
RightMoveStart,2088
LargeStateEnd,2093
LeftMoveStart,2110
RightMoveStart,2133
LeftMoveEnd,2135
RightMoveEnd,2136
RightMoveEnd,2140
JumpStart,2141
RightMoveStart,2153
RightMoveStart,2155
JumpEnd,2157
RightMoveEnd,2158
LargeStateEnd,2166
RightMoveEnd,2174
RightMoveEnd,2175
RightMoveEnd,2219
LeftMoveEnd,2260
LeftMoveEnd,2584
DeathByGap,3365
DeathByGap,3502
LostLevel,3503
