Event,Time
LittleStateStart,0
StartLevel,0
StompKillGreenKoopa,103
RightMoveEnd,177
RightMoveEnd,234
RightMoveStart,508
JumpStart,518
JumpEnd,529
JumpStart,538
RightMoveStart,543
JumpEnd,549
JumpStart,552
JumpEnd,564
JumpStart,570
StompKillGreenKoopa,570
RightMoveStart,576
StompKillGreenKoopa,580
RightMoveEnd,608
JumpEnd,609
JumpStart,614
RightMoveStart,614
RightMoveStart,616
RightMoveStart,618
RightMoveEnd,619
StompKillGreenKoopa,623
JumpEnd,624
JumpStart,626
StartLevel,640
RightMoveEnd,641
JumpEnd,648
RightMoveEnd,653
RightMoveStart,653
RightMoveStart,662
RightMoveEnd,663
RightMoveStart,664
JumpStart,665
RightMoveStart,666
RightMoveEnd,667
RightMoveStart,668
RightMoveEnd,669
JumpStart,670
JumpEnd,677
JumpStart,680
RightMoveStart,681
JumpEnd,682
RightMoveEnd,682
JumpStart,683
RightMoveStart,683
JumpEnd,692
JumpEnd,692
RightMoveEnd,695
JumpStart,696
JumpStart,704
RightMoveEnd,707
JumpEnd,712
JumpEnd,718
JumpStart,718
JumpEnd,725
JumpStart,729
JumpStart,741
JumpEnd,743
RightMoveStart,744
JumpStart,745
RightMoveStart,746
RightMoveStart,748
RightMoveEnd,749
JumpEnd,757
JumpEnd,758
JumpStart,758
JumpStart,759
RightMoveStart,762
RightMoveEnd,763
JumpEnd,771
JumpEnd,772
JumpStart,775
RightMoveStart,777
RightMoveEnd,778
JumpEnd,787
JumpStart,790
JumpStart,798
JumpEnd,805
JumpEnd,812
LittleStateStart,814
JumpStart,821
JumpEnd,833
JumpStart,836
RightMoveEnd,836
LeftMoveStart,843
JumpEnd,852
JumpStart,853
RightMoveStart,854
RightMoveStart,856
JumpStart,859
JumpEnd,864
JumpEnd,871
LeftMoveStart,881
JumpStart,884
RightMoveEnd,884
JumpStart,895
JumpEnd,900
JumpEnd,916
RightMoveEnd,918
RightMoveStart,918
JumpStart,919
JumpStart,922
JumpEnd,928
JumpStart,930
JumpEnd,935
RightMoveStart,935
JumpEnd,936
JumpStart,938
JumpEnd,950
JumpStart,951
JumpStart,953
LeftMoveEnd,955
JumpEnd,967
JumpEnd,970
RightMoveEnd,972
JumpStart,978
JumpStart,986
JumpEnd,990
JumpEnd,1001
RightMoveEnd,1013
JumpStart,1015
JumpStart,1021
JumpEnd,1028
JumpEnd,1030
RightMoveStart,1032
RightMoveStart,1034
JumpStart,1035
RightMoveStart,1036
RightMoveEnd,1037
RightMoveStart,1038
RightMoveEnd,1039
JumpStart,1040
RightMoveStart,1040
RightMoveEnd,1041
RightMoveStart,1042
RightMoveEnd,1043
RightMoveStart,1044
RightMoveEnd,1045
RightMoveStart,1046
RightMoveEnd,1047
RightMoveStart,1048
RightMoveEnd,1049
JumpEnd,1050
RightMoveStart,1050
RightMoveEnd,1051
RightMoveStart,1052
JumpEnd,1053
RightMoveEnd,1053
JumpStart,1054
RightMoveStart,1054
JumpStart,1055
RightMoveEnd,1055
RightMoveStart,1056
RightMoveEnd,1057
RightMoveStart,1058
RightMoveEnd,1059
RightMoveEnd,1060
RightMoveStart,1060
RightMoveEnd,1061
RightMoveStart,1062
RightMoveEnd,1063
JumpEnd,1064
JumpEnd,1072
JumpStart,1077
JumpStart,1090
JumpEnd,1095
RightMoveStart,1097
RightMoveStart,1099
RightMoveStart,1101
RightMoveEnd,1102
RightMoveStart,1103
RightMoveEnd,1104
RightMoveStart,1105
JumpEnd,1106
RightMoveEnd,1106
RightMoveStart,1107
RightMoveEnd,1108
RightMoveStart,1109
RightMoveEnd,1110
RightMoveEnd,1110
RightMoveStart,1111
RightMoveEnd,1112
JumpStart,1114
RightMoveEnd,1114
RightMoveStart,1122
RightMoveEnd,1123
RightMoveStart,1123
JumpEnd,1124
JumpStart,1125
RightMoveStart,1125
RightMoveStart,1127
RightMoveEnd,1128
RightMoveStart,1129
RightMoveEnd,1130
RightMoveEnd,1130
RightMoveStart,1131
RightMoveEnd,1132
RightMoveStart,1133
RightMoveEnd,1134
RightMoveStart,1135
RightMoveEnd,1136
RightMoveEnd,1136
RightMoveStart,1137
RightMoveEnd,1138
RightMoveStart,1139
RightMoveEnd,1140
RightMoveStart,1141
JumpEnd,1142
RightMoveEnd,1142
RightMoveEnd,1144
RightMoveStart,1148
RightMoveStart,1150
JumpStart,1153
RightMoveEnd,1153
RunStateStart,1155
RightMoveStart,1158
RunStateEnd,1158
RightMoveEnd,1160
JumpEnd,1165
LeftMoveStart,1165
JumpStart,1168
RightMoveEnd,1175
JumpEnd,1184
JumpStart,1188
RightMoveStart,1189
JumpEnd,1200
JumpStart,1203
RightMoveEnd,1207
RightMoveStart,1207
RightMoveStart,1209
RightMoveStart,1210
RightMoveStart,1211
RightMoveEnd,1212
JumpEnd,1213
JumpStart,1213
RightMoveEnd,1214
RightMoveEnd,1214
RightMoveStart,1218
JumpEnd,1226
JumpStart,1236
JumpEnd,1246
RightMoveEnd,1250
JumpStart,1254
RightMoveEnd,1257
RightMoveEnd,1257
JumpEnd,1270
JumpStart,1274
RightMoveStart,1276
RightMoveEnd,1277
JumpStart,1281
RightMoveStart,1282
JumpEnd,1287
RightMoveStart,1289
RightMoveStart,1291
RightMoveEnd,1294
RightMoveEnd,1296
JumpEnd,1298
RightMoveEnd,1303
JumpStart,1320
RightMoveStart,1321
RightMoveStart,1323
JumpEnd,1335
JumpStart,1341
RightMoveEnd,1342
JumpStart,1347
JumpEnd,1352
RightMoveEnd,1352
RightMoveEnd,1354
JumpEnd,1362
RightMoveStart,1365
JumpStart,1367
RightMoveStart,1367
JumpStart,1368
RightMoveStart,1369
RightMoveEnd,1370
RightMoveStart,1371
RightMoveEnd,1372
JumpEnd,1380
JumpEnd,1384
LittleStateEnd,1384
JumpStart,1387
JumpEnd,1399
LittleStateStart,1402
StartLevel,1402
JumpStart,1403
JumpEnd,1421
RightMoveStart,1421
RightMoveEnd,1422
RightMoveStart,1423
RightMoveEnd,1426
RightMoveStart,1427
RightMoveEnd,1428
JumpStart,1430
RightMoveStart,1430
RightMoveStart,1432
RightMoveEnd,1435
JumpEnd,1436
RightMoveEnd,1438
JumpStart,1441
RightMoveEnd,1449
JumpEnd,1453
JumpStart,1455
JumpEnd,1469
JumpStart,1471
LeftMoveEnd,1472
RightMoveEnd,1472
JumpEnd,1488
JumpStart,1493
JumpEnd,1503
JumpStart,1507
RightMoveStart,1533
JumpEnd,1534
RightMoveStart,1535
JumpStart,1536
RightMoveStart,1537
RightMoveEnd,1538
RightMoveStart,1539
RightMoveEnd,1540
JumpEnd,1549
JumpStart,1551
JumpEnd,1565
RightMoveStart,1568
RightMoveEnd,1569
JumpStart,1570
RightMoveStart,1570
RightMoveStart,1572
RightMoveEnd,1573
JumpEnd,1582
JumpStart,1589
RightMoveEnd,1598
JumpEnd,1604
RightMoveStart,1608
LittleStateEnd,1610
RightMoveEnd,1612
JumpStart,1630
RightMoveEnd,1640
JumpEnd,1645
JumpStart,1649
RightMoveStart,1651
RightMoveEnd,1652
JumpEnd,1661
JumpStart,1668
JumpEnd,1683
JumpStart,1686
JumpEnd,1701
JumpStart,1712
LeftMoveEnd,1713
JumpEnd,1722
JumpStart,1725
RightMoveStart,1730
JumpEnd,1733
JumpStart,1742
JumpEnd,1758
JumpStart,1777
JumpEnd,1791
RightMoveEnd,1808
JumpStart,1812
JumpEnd,1821
JumpStart,1825
JumpEnd,1837
JumpStart,1838
JumpEnd,1855
JumpStart,1873
RightMoveStart,1878
RightMoveStart,1880
JumpEnd,1883
RightMoveStart,1906
RightMoveEnd,1907
JumpStart,1909
RightMoveStart,1915
JumpEnd,1919
JumpStart,1927
RightMoveEnd,1933
JumpEnd,1943
JumpStart,1947
RightMoveStart,1950
RightMoveEnd,1956
RightMoveEnd,1958
JumpEnd,1959
JumpStart,1962
RightMoveStart,1963
RightMoveStart,1965
JumpEnd,1974
RightMoveEnd,1977
RightMoveStart,1981
RightMoveEnd,1982
DieByGreenKoopa,1984
JumpStart,1984
JumpEnd,1996
RightMoveEnd,1997
RightMoveEnd,1998
JumpStart,2007
JumpEnd,2024
LittleStateEnd,2024
RightMoveEnd,2027
DieByGreenKoopa,3173
WonLevel,3490
