Event,Time
LittleStateStart,0
StartLevel,0
RightMoveStart,51
BlockCoinDestroy,64
JumpStart,67
BlockCoinDestroy,75
JumpEnd,81
BlockPowerDestroy,108
RightMoveEnd,117
BlockPowerDestroy,137
JumpStart,139
JumpEnd,149
JumpStart,152
JumpEnd,160
BlockPowerDestroy,162
JumpStart,168
LargeStateStart,171
LittleStateEnd,171
RightMoveEnd,184
LeftMoveStart,196
BlockCoinDestroy,197
JumpEnd,203
LeftMoveStart,203
JumpStart,206
JumpEnd,212
JumpStart,213
JumpEnd,219
JumpStart,222
RightMoveStart,231
JumpEnd,233
LeftMoveEnd,237
JumpStart,245
JumpEnd,251
StompKillGreenKoopa,252
StompKillGreenKoopa,253
JumpStart,255
RightMoveEnd,263
UnleashShell,264
UnleashShell,265
JumpEnd,268
StompKillGreenKoopa,276
JumpStart,282
ShellKillGoomba,286
UnleashShell,286
LeftMoveStart,297
LeftMoveEnd,301
ShellKillGoomba,302
LeftMoveEnd,307
RightMoveStart,309
ShellKillGoomba,309
JumpEnd,314
JumpStart,320
LeftMoveStart,322
JumpEnd,334
RightMoveStart,336
JumpStart,337
JumpEnd,348
LeftMoveEnd,360
BlockPowerDestroy,383
BlockPowerDestroy,392
RightMoveStart,396
RightMoveStart,398
RightMoveEnd,399
RightMoveEnd,401
LargeStateEnd,402
LeftMoveEnd,402
LeftMoveEnd,415
LittleStateStart,420
StartLevel,420
RightMoveEnd,422
RightMoveStart,441
RunStateStart,443
RightMoveEnd,457
RightMoveEnd,476
JumpStart,489
RunStateEnd,497
RightMoveStart,498
JumpEnd,502
JumpStart,510
JumpEnd,518
LeftMoveStart,519
JumpStart,525
RightMoveStart,531
RightMoveStart,538
RightMoveStart,540
JumpEnd,541
RightMoveEnd,546
LeftMoveStart,549
RightMoveEnd,550
JumpStart,553
RightMoveStart,560
RightMoveStart,565
RightMoveStart,567
RightMoveEnd,568
JumpEnd,569
RightMoveEnd,570
RightMoveEnd,571
LeftMoveStart,577
RightMoveEnd,578
JumpStart,583
RightMoveEnd,584
RightMoveStart,588
LeftMoveEnd,589
JumpEnd,593
JumpStart,597
JumpEnd,605
LeftMoveStart,614
LeftMoveEnd,615
LargeStateStart,628
LittleStateEnd,628
RightMoveEnd,634
RightMoveStart,648
LeftMoveEnd,653
JumpStart,654
JumpEnd,667
JumpStart,677
LeftMoveStart,700
JumpEnd,702
JumpStart,707
LittleStateStart,711
StartLevel,711
JumpEnd,723
RightMoveStart,736
RightMoveStart,740
RunStateStart,741
LittleStateStart,742
RunStateStart,746
StartLevel,757
RightMoveEnd,759
RightMoveStart,764
JumpStart,766
RightMoveStart,774
JumpEnd,776
RunStateEnd,781
JumpStart,788
JumpStart,790
RunStateEnd,791
LeftMoveStart,795
JumpEnd,798
JumpStart,803
JumpEnd,804
JumpStart,804
JumpStart,806
RightMoveStart,807
LeftMoveStart,811
JumpEnd,816
JumpEnd,819
JumpStart,819
JumpStart,821
DeathByGap,822
JumpEnd,822
LeftMoveEnd,824
LeftMoveStart,824
JumpEnd,825
RightMoveEnd,828
JumpEnd,831
RightMoveStart,831
JumpStart,834
JumpStart,837
JumpEnd,842
LeftMoveStart,843
RightMoveStart,843
FireStateStart,845
LargeStateEnd,845
RightMoveEnd,856
LargeStateStart,859
LeftMoveEnd,859
LittleStateEnd,859
RightMoveEnd,861
RightMoveEnd,863
RightMoveEnd,866
RightMoveStart,868
JumpEnd,871
JumpStart,873
LeftMoveStart,883
LeftMoveEnd,885
JumpStart,887
JumpEnd,889
JumpEnd,893
JumpStart,894
JumpStart,895
RightMoveStart,896
RightMoveStart,898
JumpEnd,901
LeftMoveEnd,901
DuckStart,907
JumpEnd,907
RightMoveStart,907
RightMoveEnd,916
DuckEnd,924
JumpStart,925
RightMoveEnd,925
RightMoveEnd,925
RightMoveStart,925
DuckStart,939
JumpEnd,939
DuckEnd,949
JumpStart,963
RunStateStart,970
JumpStart,974
RunStateEnd,974
RunStateStart,976
LeftMoveEnd,978
JumpEnd,979
RunStateEnd,980
RightMoveStart,983
RightMoveStart,985
RightMoveStart,987
RightMoveEnd,989
RightMoveStart,989
RightMoveEnd,990
RightMoveEnd,992
JumpStart,994
RightMoveStart,995
LeftMoveStart,996
RightMoveStart,997
RightMoveStart,999
RightMoveEnd,1000
RightMoveStart,1001
RightMoveEnd,1002
RightMoveEnd,1002
JumpEnd,1003
JumpEnd,1004
LargeStateEnd,1004
LittleStateStart,1004
RightMoveEnd,1005
RightMoveEnd,1021
LeftMoveStart,1023
RunStateStart,1037
RightMoveStart,1038
RightMoveEnd,1044
RightMoveEnd,1046
LeftMoveStart,1051
JumpStart,1061
LeftMoveStart,1061
RightMoveStart,1069
JumpEnd,1071
RightMoveEnd,1071
RightMoveStart,1071
RunStateEnd,1073
LeftMoveEnd,1080
LeftMoveEnd,1081
RunStateStart,1090
RunStateEnd,1091
RightMoveStart,1099
JumpStart,1103
RightMoveStart,1111
FireStateEnd,1113
JumpEnd,1113
JumpStart,1117
RightMoveEnd,1123
JumpEnd,1126
RightMoveEnd,1127
JumpStart,1132
LeftMoveStart,1134
LargeStateStart,1136
LittleStateEnd,1136
RightMoveEnd,1140
RightMoveEnd,1143
RightMoveEnd,1145
LeftMoveEnd,1150
RightMoveStart,1158
JumpEnd,1168
LeftMoveStart,1172
JumpStart,1180
JumpEnd,1186
JumpStart,1187
JumpEnd,1193
RightMoveStart,1201
LeftMoveEnd,1216
RightMoveEnd,1218
JumpStart,1222
DuckStart,1236
JumpEnd,1236
LeftMoveEnd,1238
DuckEnd,1248
LeftMoveEnd,1295
RightMoveStart,1301
RightMoveStart,1303
JumpStart,1305
RightMoveEnd,1306
RightMoveStart,1310
RightMoveStart,1312
JumpEnd,1315
RightMoveEnd,1318
DuckStart,1329
RightMoveEnd,1330
DuckEnd,1336
RightMoveStart,1338
RightMoveEnd,1343
DuckStart,1344
DuckEnd,1353
RightMoveEnd,1377
JumpStart,1382
RightMoveEnd,1402
JumpEnd,1404
RunStateStart,1406
JumpStart,1429
JumpEnd,1439
LargeStateEnd,1450
RunStateEnd,1450
LittleStateEnd,1466
DeathByGap,1735
DeathByGap,2434
LostLevel,2563
