Event,Time
LittleStateStart,0
StartLevel,0
RightMoveStart,56
JumpStart,80
BlockCoinDestroy,93
JumpEnd,94
JumpStart,108
JumpEnd,116
JumpStart,130
JumpEnd,138
LeftMoveStart,145
BlockPowerDestroy,154
RightMoveStart,165
JumpStart,169
JumpEnd,177
LeftMoveStart,177
RunStateStart,188
RightMoveStart,192
RunStateEnd,207
RightMoveEnd,217
JumpStart,220
LeftMoveEnd,223
LeftMoveStart,223
JumpEnd,235
RightMoveStart,236
LargeStateStart,240
LittleStateEnd,240
RightMoveEnd,249
JumpStart,263
JumpEnd,275
LeftMoveStart,277
DuckStart,280
LeftMoveEnd,281
RightMoveEnd,285
DuckEnd,292
RightMoveStart,294
RunStateStart,315
JumpStart,318
RightMoveEnd,320
RunStateEnd,320
LeftMoveEnd,326
JumpEnd,330
LeftMoveStart,331
RunStateStart,333
JumpStart,338
RightMoveStart,338
RightMoveStart,343
RunStateEnd,343
LeftMoveEnd,344
JumpEnd,348
RightMoveStart,355
RightMoveEnd,356
DuckStart,362
DuckEnd,373
RightMoveEnd,381
LeftMoveStart,385
RightMoveEnd,385
RightMoveEnd,387
LeftMoveEnd,391
DuckStart,394
DuckEnd,397
DuckStart,401
DuckEnd,403
DuckStart,405
DuckEnd,409
RightMoveStart,413
RunStateStart,417
JumpStart,420
RunStateEnd,431
JumpEnd,435
LeftMoveStart,440
RightMoveStart,450
LeftMoveEnd,455
LeftMoveStart,466
LeftMoveStart,476
DuckStart,483
DuckEnd,494
LeftMoveEnd,494
DuckStart,497
LeftMoveEnd,497
RightMoveEnd,497
LeftMoveEnd,499
DuckEnd,500
DuckStart,502
RightMoveEnd,502
DuckEnd,505
DuckStart,507
DuckEnd,510
RightMoveStart,514
RunStateStart,515
JumpStart,518
JumpEnd,540
JumpStart,541
RightMoveStart,549
JumpEnd,551
RunStateEnd,560
LeftMoveStart,569
JumpStart,570
JumpEnd,586
JumpStart,590
LeftMoveStart,598
JumpEnd,600
RightMoveEnd,600
RightMoveEnd,603
DuckStart,606
DuckEnd,612
DuckStart,618
DuckEnd,625
LeftMoveStart,626
DuckStart,628
DuckEnd,635
DuckStart,637
DuckEnd,640
LeftMoveEnd,640
DuckStart,642
DuckEnd,646
RightMoveStart,649
DuckStart,654
DuckEnd,657
DuckStart,659
DuckEnd,662
DuckStart,664
DuckEnd,667
LeftMoveEnd,667
LeftMoveStart,670
DuckStart,673
DuckEnd,677
DuckStart,678
LeftMoveEnd,678
DuckEnd,681
RightMoveStart,684
RunStateStart,698
JumpStart,713
RunStateEnd,724
JumpEnd,726
LeftMoveEnd,727
JumpStart,734
BlockPowerDestroy,740
JumpEnd,740
LeftMoveStart,751
JumpStart,756
JumpEnd,762
RightMoveEnd,762
RightMoveStart,763
JumpStart,770
LeftMoveStart,773
FireStateStart,775
LargeStateEnd,775
RightMoveEnd,785
RightMoveStart,799
JumpEnd,803
RunStateStart,809
JumpStart,814
FireKillGoomba,819
LeftMoveEnd,819
RunStateEnd,823
JumpEnd,830
JumpStart,833
RunStateStart,837
LeftMoveEnd,843
RightMoveStart,845
RunStateEnd,847
JumpEnd,849
FireStateEnd,850
LargeStateStart,850
RightMoveEnd,851
RunStateStart,853
RunStateEnd,860
JumpStart,869
RightMoveEnd,873
LeftMoveStart,877
JumpEnd,880
RightMoveStart,884
RunStateStart,887
JumpStart,898
RightMoveStart,911
JumpEnd,912
JumpStart,920
LargeStateEnd,920
LittleStateStart,920
RightMoveEnd,922
StompKillGreenKoopa,925
RunStateEnd,929
RunStateStart,936
UnleashShell,936
RunStateEnd,939
RightMoveEnd,944
JumpEnd,964
RunStateStart,967
JumpStart,969
RightMoveStart,969
RightMoveEnd,973
RightMoveStart,977
JumpEnd,979
JumpStart,980
RunStateEnd,986
LeftMoveEnd,987
RightMoveEnd,995
RightMoveStart,996
JumpEnd,998
LeftMoveStart,1009
JumpStart,1011
RightMoveEnd,1017
RightMoveStart,1019
BlockCoinDestroy,1021
JumpEnd,1027
RightMoveEnd,1033
LeftMoveStart,1034
JumpStart,1036
RightMoveStart,1037
JumpEnd,1044
JumpStart,1051
RunStateStart,1052
LeftMoveStart,1053
RightMoveEnd,1056
LeftMoveStart,1059
JumpEnd,1061
LeftMoveEnd,1061
RunStateEnd,1061
BlockPowerDestroy,1064
RightMoveStart,1066
RightMoveEnd,1070
LeftMoveEnd,1071
LeftMoveEnd,1076
JumpStart,1079
RunStateStart,1079
RunStateEnd,1083
JumpEnd,1087
RightMoveStart,1093
JumpStart,1094
RunStateStart,1094
RightMoveEnd,1097
LeftMoveStart,1100
JumpEnd,1102
RunStateEnd,1103
RightMoveStart,1111
RunStateStart,1117
JumpStart,1119
RightMoveEnd,1126
RightMoveStart,1127
JumpEnd,1130
LittleStateEnd,1132
RunStateEnd,1141
RightMoveEnd,1142
RunStateStart,1143
LeftMoveEnd,1150
LeftMoveEnd,1151
JumpStart,1159
RunStateEnd,1162
JumpEnd,1165
LeftMoveStart,1170
RightMoveEnd,1185
StompKillGoomba,1190
JumpStart,1193
StompKillGoomba,1199
RightMoveStart,1200
LeftMoveStart,1207
RightMoveStart,1214
LeftMoveStart,1222
JumpEnd,1227
RightMoveEnd,1235
StompKillGoomba,1235
JumpStart,1240
RightMoveStart,1248
LeftMoveEnd,1250
LeftMoveEnd,1252
JumpEnd,1263
LeftMoveEnd,1264
RightMoveEnd,1279
RunStateStart,1282
JumpStart,1288
RightMoveStart,1301
JumpEnd,1302
JumpStart,1313
RightMoveStart,1316
JumpEnd,1325
JumpStart,1328
RightMoveEnd,1330
RightMoveStart,1331
RightMoveEnd,1341
JumpEnd,1343
JumpStart,1353
RightMoveStart,1356
JumpEnd,1365
RightMoveEnd,1367
RightMoveEnd,1369
JumpStart,1375
RightMoveStart,1378
JumpEnd,1384
JumpStart,1386
RightMoveEnd,1391
JumpEnd,1404
RunStateEnd,1407
LeftMoveStart,1418
RunStateStart,1426
RunStateEnd,1432
RightMoveStart,1433
RunStateStart,1438
RightMoveEnd,1439
JumpStart,1440
LeftMoveStart,1444
RunStateEnd,1448
JumpEnd,1454
RightMoveStart,1460
DuckStart,1466
DuckEnd,1475
DuckStart,1477
DuckEnd,1481
DuckStart,1482
LeftMoveEnd,1485
DuckEnd,1486
RightMoveStart,1489
RunStateStart,1492
JumpStart,1494
RightMoveEnd,1496
RightMoveEnd,1498
JumpEnd,1508
JumpStart,1524
RunStateEnd,1527
RightMoveStart,1528
JumpEnd,1534
RightMoveStart,1543
DuckStart,1547
RightMoveEnd,1549
DuckEnd,1550
DuckStart,1552
DuckEnd,1555
RightMoveStart,1558
RunStateStart,1559
JumpStart,1563
RightMoveEnd,1571
JumpEnd,1573
JumpStart,1575
RightMoveStart,1578
RightMoveEnd,1580
RunStateEnd,1585
JumpEnd,1587
RightMoveEnd,1590
LeftMoveStart,1594
RightMoveEnd,1613
RunStateStart,1620
RightMoveStart,1622
LeftMoveEnd,1628
LeftMoveStart,1633
RunStateEnd,1635
RunStateStart,1640
JumpStart,1641
RightMoveStart,1656
RunStateEnd,1657
LeftMoveStart,1670
JumpEnd,1674
JumpStart,1676
RightMoveEnd,1676
LeftMoveEnd,1682
RightMoveStart,1687
LeftMoveStart,1701
RightMoveEnd,1703
JumpEnd,1705
JumpStart,1706
RightMoveStart,1718
LeftMoveEnd,1722
JumpEnd,1723
RightMoveEnd,1731
LeftMoveStart,1740
LeftMoveEnd,1745
LeftMoveEnd,1747
RightMoveStart,1756
LeftMoveStart,1768
RightMoveEnd,1770
LeftMoveEnd,1792
LeftMoveStart,1796
LeftMoveEnd,1805
RightMoveEnd,1805
LeftMoveEnd,1838
JumpStart,1865
JumpEnd,1874
LargeStateStart,3024
RunStateStart,3634
RightMoveStart,3747
LargeStateEnd,3766
RunStateEnd,3766
RightMoveEnd,3865
WonLevel,4750
