Event,Time
LittleStateStart,0
StartLevel,0
StompKillGoomba,69
BlockCoinDestroy,95
LittleStateEnd,103
DieByGoomba,120
LittleStateStart,121
StartLevel,121
BlockPowerDestroy,138
RightMoveStart,150
JumpStart,195
RightMoveStart,199
JumpEnd,218
JumpStart,230
BlockCoinDestroy,235
JumpEnd,239
RightMoveEnd,241
RightMoveStart,247
JumpStart,273
JumpEnd,282
RightMoveEnd,291
LargeStateStart,328
LittleStateEnd,328
LeftMoveStart,350
JumpStart,372
RightMoveEnd,373
JumpEnd,378
RightMoveStart,385
JumpStart,402
JumpEnd,415
JumpStart,438
JumpEnd,454
JumpStart,459
RightMoveStart,461
RightMoveStart,463
JumpEnd,469
RightMoveEnd,481
RightMoveStart,494
JumpStart,498
JumpEnd,517
JumpStart,523
RightMoveStart,526
RightMoveStart,528
RightMoveStart,530
RightMoveEnd,531
JumpEnd,533
RightMoveEnd,538
JumpStart,540
StompKillGoomba,546
RightMoveEnd,553
JumpEnd,557
RightMoveEnd,559
JumpStart,563
RightMoveStart,571
RightMoveEnd,572
RightMoveStart,573
RightMoveStart,575
RightMoveEnd,576
RightMoveStart,577
JumpEnd,578
RightMoveEnd,578
BlockPowerDestroy,579
RightMoveStart,579
RightMoveEnd,580
RightMoveStart,581
RightMoveEnd,582
RightMoveStart,583
RightMoveEnd,584
JumpStart,586
RightMoveEnd,586
RightMoveStart,589
RightMoveStart,591
RightMoveStart,593
RightMoveEnd,594
JumpEnd,596
RightMoveEnd,596
RightMoveEnd,598
RightMoveEnd,613
LeftMoveEnd,624
JumpStart,631
JumpEnd,647
LeftMoveStart,662
RightMoveEnd,663
JumpStart,674
RightMoveStart,675
RightMoveStart,694
JumpEnd,695
JumpStart,716
JumpEnd,722
JumpStart,741
LeftMoveStart,745
FireKillGoomba,756
JumpEnd,757
LeftMoveStart,757
RightMoveEnd,759
FireKillGoomba,761
RightMoveEnd,763
LeftMoveStart,767
LeftMoveEnd,778
JumpStart,782
RightMoveStart,787
RightMoveStart,789
FireKillGreenKoopa,792
JumpEnd,792
FireStateStart,794
LargeStateEnd,794
LeftMoveEnd,796
RunStateStart,823
RunStateEnd,825
RunStateStart,829
RightMoveEnd,831
RunStateEnd,831
RightMoveStart,833
LeftMoveEnd,835
JumpStart,873
RightMoveEnd,881
FireKillGoomba,883
FireKillGoomba,887
JumpEnd,889
RunStateStart,892
RunStateEnd,894
RunStateStart,896
RunStateEnd,898
RunStateStart,900
RunStateEnd,902
RunStateStart,904
RunStateEnd,906
RightMoveStart,913
FireKillGoomba,921
RightMoveEnd,954
LeftMoveEnd,986
RunStateStart,1018
RunStateEnd,1019
RunStateStart,1022
RunStateEnd,1023
RunStateStart,1026
RunStateEnd,1028
RunStateStart,1031
RunStateEnd,1033
RunStateStart,1036
RunStateEnd,1038
RunStateStart,1041
RunStateEnd,1043
RunStateStart,1046
RunStateEnd,1047
RunStateStart,1049
RunStateEnd,1051
RunStateStart,1054
RunStateEnd,1055
RunStateStart,1058
RunStateEnd,1060
FireStateEnd,1077
RightMoveStart,1099
RightMoveEnd,1116
RunStateStart,1120
RunStateEnd,1123
RightMoveStart,1157
RightMoveStart,1159
JumpStart,1161
RightMoveStart,1161
RightMoveEnd,1162
RightMoveStart,1163
RightMoveEnd,1164
JumpEnd,1172
RightMoveStart,1172
RightMoveEnd,1173
JumpStart,1174
RightMoveStart,1174
RightMoveStart,1176
RightMoveEnd,1177
RightMoveEnd,1182
JumpEnd,1185
RightMoveStart,1185
RightMoveEnd,1186
RightMoveStart,1187
JumpStart,1188
RightMoveStart,1189
RightMoveEnd,1190
RightMoveStart,1191
RightMoveEnd,1192
RightMoveEnd,1195
JumpEnd,1197
JumpStart,1200
RightMoveEnd,1201
RightMoveStart,1211
JumpEnd,1212
RightMoveStart,1213
RightMoveStart,1215
RightMoveEnd,1216
RightMoveEnd,1216
RightMoveStart,1217
RightMoveEnd,1218
RightMoveStart,1219
RightMoveEnd,1220
JumpStart,1221
RightMoveStart,1221
RightMoveEnd,1222
RightMoveEnd,1224
JumpEnd,1232
RightMoveEnd,1232
RightMoveStart,1233
RightMoveStart,1235
RightMoveStart,1237
RightMoveEnd,1238
JumpStart,1239
RightMoveStart,1239
RightMoveEnd,1240
RightMoveStart,1241
RightMoveEnd,1242
RightMoveEnd,1246
JumpEnd,1250
RightMoveStart,1257
RightMoveEnd,1258
RightMoveStart,1259
JumpStart,1262
RightMoveEnd,1262
RightMoveStart,1266
RightMoveStart,1268
RightMoveStart,1270
RightMoveEnd,1271
JumpEnd,1272
RightMoveEnd,1274
RightMoveEnd,1274
JumpStart,1298
StompKillGoomba,1307
JumpEnd,1310
RightMoveEnd,1312
JumpStart,1315
RightMoveStart,1325
JumpEnd,1326
StompKillGoomba,1331
JumpStart,1337
RightMoveEnd,1342
JumpEnd,1354
JumpStart,1368
JumpEnd,1378
BlockCoinDestroy,1387
LeftMoveStart,1396
RightMoveStart,1417
JumpStart,1434
RightMoveEnd,1450
JumpEnd,1456
JumpStart,1459
RightMoveStart,1477
JumpEnd,1480
JumpStart,1496
JumpEnd,1502
JumpStart,1508
RightMoveEnd,1511
JumpEnd,1514
LeftMoveStart,1520
JumpStart,1524
JumpEnd,1530
RightMoveStart,1534
JumpStart,1559
JumpEnd,1569
RightMoveEnd,1574
RightMoveStart,1576
RightMoveStart,1578
RightMoveStart,1580
JumpStart,1581
RightMoveEnd,1581
RightMoveStart,1582
RightMoveEnd,1583
RightMoveStart,1584
RightMoveEnd,1585
JumpEnd,1592
RightMoveStart,1593
JumpStart,1594
RightMoveEnd,1594
RightMoveStart,1595
RightMoveStart,1597
RightMoveEnd,1598
JumpEnd,1603
RightMoveEnd,1603
JumpStart,1606
RightMoveStart,1606
RightMoveEnd,1607
RightMoveStart,1608
JumpEnd,1615
RightMoveEnd,1616
RightMoveStart,1617
JumpStart,1618
RightMoveEnd,1618
RightMoveEnd,1619
RightMoveStart,1619
RightMoveStart,1621
RightMoveEnd,1622
JumpEnd,1627
RightMoveEnd,1627
JumpStart,1629
RightMoveStart,1630
RightMoveEnd,1631
RightMoveEnd,1632
RightMoveStart,1632
JumpEnd,1640
RightMoveEnd,1640
JumpStart,1641
RightMoveStart,1641
RightMoveEnd,1642
RightMoveStart,1643
RightMoveEnd,1651
JumpEnd,1652
RightMoveStart,1652
RightMoveEnd,1653
JumpStart,1654
RightMoveStart,1654
LeftMoveEnd,1657
RightMoveEnd,1657
RightMoveEnd,1662
JumpEnd,1663
JumpStart,1688
JumpEnd,1696
LeftMoveEnd,2040
LargeStateStart,2549
RightMoveStart,3128
LargeStateEnd,3168
RightMoveEnd,3170
WonLevel,4253
