Event,Time
LittleStateStart,0
StartLevel,0
RightMoveStart,34
RunStateStart,39
RunStateEnd,41
JumpStart,48
JumpEnd,62
StompKillGoomba,64
JumpStart,70
LeftMoveStart,82
RightMoveStart,88
JumpEnd,92
RunStateStart,101
BlockPowerDestroy,105
RunStateEnd,107
JumpStart,120
JumpEnd,128
RightMoveEnd,132
JumpStart,145
LeftMoveStart,149
LeftMoveStart,153
JumpEnd,155
LargeStateStart,155
LittleStateEnd,155
LeftMoveEnd,159
LeftMoveStart,174
RightMoveStart,176
LeftMoveEnd,183
RightMoveStart,191
JumpStart,192
RightMoveStart,193
RightMoveStart,195
LeftMoveEnd,196
RightMoveEnd,196
RightMoveEnd,202
DuckStart,204
JumpEnd,204
RightMoveEnd,207
DuckEnd,215
LeftMoveEnd,217
JumpStart,228
JumpEnd,240
JumpStart,246
StompKillGoomba,247
RightMoveEnd,269
RightMoveStart,269
JumpEnd,275
JumpStart,276
RightMoveEnd,278
RightMoveStart,281
RightMoveStart,284
JumpEnd,286
RightMoveEnd,295
JumpStart,314
JumpEnd,324
JumpStart,344
RightMoveEnd,352
LeftMoveStart,355
RightMoveEnd,357
JumpEnd,358
RightMoveStart,362
JumpStart,369
RightMoveStart,381
JumpEnd,385
LeftMoveStart,387
JumpStart,388
RightMoveStart,399
JumpEnd,403
JumpStart,404
RightMoveEnd,405
LeftMoveStart,413
JumpEnd,417
JumpStart,418
LeftMoveEnd,430
RightMoveEnd,430
RightMoveStart,431
JumpEnd,434
JumpStart,446
LeftMoveEnd,456
RightMoveEnd,458
BlockPowerDestroy,461
JumpEnd,462
JumpStart,477
JumpEnd,483
JumpStart,489
LeftMoveStart,493
JumpEnd,505
LeftMoveStart,505
JumpStart,506
JumpEnd,512
RightMoveStart,519
JumpStart,520
FireStateStart,523
LargeStateEnd,523
RightMoveEnd,524
LeftMoveEnd,530
LeftMoveEnd,542
LeftMoveStart,542
RunStateStart,546
LeftMoveStart,550
JumpEnd,551
RunStateEnd,551
RightMoveStart,558
JumpStart,561
RunStateStart,563
LeftMoveEnd,565
JumpEnd,567
RunStateEnd,567
RunStateStart,569
RunStateEnd,571
RunStateStart,573
RunStateEnd,575
RunStateStart,577
RunStateEnd,578
LeftMoveEnd,580
JumpStart,581
LeftMoveStart,582
LeftMoveEnd,583
LeftMoveStart,589
JumpEnd,591
JumpStart,600
RightMoveStart,602
LeftMoveEnd,608
RightMoveEnd,611
RightMoveStart,612
RightMoveStart,614
RightMoveEnd,615
RightMoveStart,616
RightMoveEnd,617
LeftMoveStart,619
JumpEnd,620
LeftMoveEnd,620
RightMoveEnd,620
RightMoveEnd,623
JumpStart,624
RightMoveStart,627
LeftMoveStart,629
LeftMoveStart,632
JumpEnd,634
RightMoveEnd,639
LeftMoveEnd,641
JumpStart,646
RightMoveStart,646
LeftMoveEnd,648
RightMoveEnd,655
LeftMoveEnd,656
RightMoveStart,658
RightMoveStart,660
RightMoveStart,662
RightMoveEnd,663
JumpEnd,666
LeftMoveStart,667
RightMoveEnd,668
JumpStart,669
RightMoveEnd,671
RightMoveEnd,676
JumpEnd,679
RightMoveStart,689
JumpStart,694
RightMoveStart,701
JumpEnd,704
LeftMoveEnd,723
RightMoveEnd,727
JumpStart,731
RunStateStart,741
RunStateEnd,744
JumpEnd,745
RunStateStart,746
RunStateEnd,748
FireKillGreenKoopa,749
RunStateStart,753
RunStateEnd,756
RunStateStart,759
RunStateEnd,762
RunStateStart,764
RunStateEnd,766
JumpStart,768
RunStateStart,768
RunStateEnd,771
RightMoveStart,774
RightMoveStart,776
RunStateStart,777
RightMoveEnd,779
RunStateEnd,781
RightMoveStart,782
JumpEnd,783
RightMoveEnd,785
RunStateStart,788
FireKillGoomba,791
RunStateEnd,791
FireKillGoomba,792
RunStateStart,793
RunStateEnd,795
RunStateStart,796
RunStateEnd,799
RunStateStart,801
RunStateEnd,802
RunStateStart,804
RunStateEnd,806
RunStateStart,808
FireKillGoomba,810
RunStateEnd,810
RunStateStart,811
FireKillGoomba,812
RunStateEnd,813
RunStateStart,815
RunStateEnd,817
RunStateStart,818
RunStateEnd,820
RunStateStart,822
JumpStart,824
RunStateEnd,824
JumpEnd,838
RightMoveEnd,848
JumpStart,851
JumpEnd,863
JumpStart,865
RightMoveStart,867
RightMoveEnd,872
RightMoveStart,883
JumpEnd,884
RightMoveStart,885
JumpStart,887
RightMoveStart,887
RightMoveEnd,888
RightMoveStart,889
RightMoveEnd,890
RightMoveStart,891
RightMoveEnd,892
RightMoveStart,893
RightMoveEnd,894
RightMoveStart,895
RightMoveEnd,896
JumpEnd,897
RightMoveEnd,900
JumpStart,919
JumpEnd,933
RightMoveStart,933
RightMoveEnd,934
RightMoveStart,935
JumpStart,936
RightMoveStart,937
RightMoveEnd,938
RightMoveStart,939
RightMoveEnd,940
JumpEnd,948
JumpStart,953
RightMoveEnd,967
JumpEnd,971
RightMoveEnd,972
JumpStart,981
FireKillGoomba,986
JumpEnd,990
FireKillGoomba,992
RunStateStart,995
RunStateEnd,996
RunStateStart,999
RunStateEnd,1000
RunStateStart,1002
RunStateEnd,1004
RunStateStart,1008
FireStateEnd,1009
RunStateEnd,1011
JumpStart,1037
JumpEnd,1052
RightMoveStart,1054
RightMoveEnd,1055
RightMoveStart,1056
RightMoveStart,1058
JumpStart,1059
RightMoveEnd,1059
RightMoveStart,1060
RightMoveEnd,1061
RightMoveStart,1062
RightMoveEnd,1063
JumpEnd,1073
JumpStart,1074
RightMoveStart,1075
RightMoveEnd,1076
RightMoveStart,1077
JumpEnd,1086
JumpStart,1087
RightMoveEnd,1089
RightMoveStart,1090
RightMoveEnd,1091
JumpEnd,1100
RightMoveStart,1103
JumpStart,1105
RightMoveStart,1105
RightMoveStart,1107
RightMoveEnd,1108
RightMoveEnd,1115
JumpEnd,1117
RightMoveEnd,1117
LeftMoveStart,1119
RightMoveEnd,1120
RightMoveStart,1132
RightMoveStart,1135
RightMoveStart,1137
JumpStart,1139
RightMoveEnd,1139
RightMoveStart,1139
RightMoveEnd,1140
RightMoveStart,1141
RightMoveEnd,1142
JumpEnd,1148
JumpStart,1153
RightMoveEnd,1159
RightMoveEnd,1170
JumpEnd,1177
RightMoveStart,1179
RightMoveEnd,1180
RightMoveStart,1181
RightMoveStart,1183
RightMoveEnd,1184
RightMoveStart,1185
RightMoveEnd,1186
JumpStart,1187
RightMoveStart,1187
RightMoveEnd,1188
RightMoveEnd,1190
JumpEnd,1197
RightMoveEnd,1218
LeftMoveEnd,1583
LargeStateStart,2224
RightMoveStart,2404
LargeStateEnd,2412
RightMoveEnd,2414
WonLevel,3301
