Event,Time
LittleStateStart,0
StartLevel,0
RightMoveStart,53
LeftMoveEnd,80
RunStateStart,83
JumpStart,88
RightMoveStart,96
JumpEnd,98
RunStateEnd,98
JumpStart,111
JumpEnd,128
RightMoveEnd,146
LeftMoveStart,147
RightMoveEnd,154
RightMoveEnd,165
RightMoveStart,167
RightMoveEnd,189
LittleStateEnd,194
LittleStateStart,212
StartLevel,212
LeftMoveStart,213
RightMoveStart,238
RunStateStart,253
RightMoveEnd,257
JumpStart,268
JumpEnd,277
RunStateEnd,293
RightMoveStart,297
RightMoveStart,299
JumpStart,301
RightMoveStart,301
RightMoveEnd,302
RightMoveStart,303
RightMoveEnd,304
RightMoveStart,305
RightMoveEnd,306
JumpEnd,313
LeftMoveStart,322
RightMoveEnd,323
LeftMoveEnd,330
RightMoveStart,338
LeftMoveStart,351
RightMoveEnd,357
RunStateStart,370
RunStateEnd,378
RightMoveStart,379
RightMoveEnd,383
StartLevel,386
JumpStart,388
JumpStart,391
RightMoveStart,397
LeftMoveEnd,399
JumpEnd,402
DeathByGap,406
JumpEnd,406
RightMoveStart,407
LeftMoveStart,409
RightMoveEnd,421
RightMoveEnd,426
RightMoveStart,428
RightMoveStart,431
RightMoveEnd,435
JumpStart,436
JumpStart,438
RightMoveStart,441
RightMoveStart,443
LeftMoveEnd,446
JumpEnd,449
JumpEnd,452
RightMoveEnd,452
LeftMoveStart,453
RightMoveEnd,454
JumpStart,457
RightMoveStart,457
RightMoveStart,459
RightMoveEnd,461
RightMoveStart,461
RightMoveEnd,462
RightMoveStart,463
RightMoveEnd,464
RightMoveStart,465
RightMoveEnd,466
JumpEnd,467
RightMoveStart,467
RightMoveStart,471
RightMoveStart,473
JumpStart,474
RightMoveStart,475
JumpStart,476
RightMoveEnd,476
RightMoveEnd,476
RightMoveStart,477
RightMoveEnd,478
RightMoveStart,479
RightMoveEnd,480
LeftMoveEnd,485
JumpEnd,486
LeftMoveStart,491
RightMoveEnd,492
JumpEnd,493
RightMoveEnd,494
JumpStart,499
RightMoveEnd,508
LeftMoveEnd,510
LeftMoveStart,511
JumpEnd,514
JumpStart,517
LeftMoveStart,523
LeftMoveEnd,533
JumpEnd,535
RightMoveStart,535
LeftMoveEnd,538
RightMoveStart,538
RightMoveEnd,539
JumpStart,540
RightMoveStart,540
RightMoveStart,542
RightMoveEnd,543
LeftMoveEnd,544
RightMoveStart,544
RightMoveEnd,545
JumpEnd,550
JumpStart,555
RunStateStart,562
JumpEnd,570
JumpStart,573
RightMoveStart,573
RightMoveEnd,574
RightMoveStart,575
RunStateEnd,579
LittleStateEnd,580
JumpEnd,586
JumpStart,588
RightMoveStart,588
RightMoveEnd,589
RightMoveStart,590
RightMoveStart,592
RightMoveEnd,593
JumpEnd,600
RightMoveEnd,600
RightMoveStart,601
JumpStart,602
RightMoveEnd,602
RightMoveEnd,602
LeftMoveEnd,603
RightMoveEnd,603
RightMoveStart,603
RightMoveStart,605
RightMoveEnd,606
RightMoveEnd,611
RightMoveEnd,612
JumpEnd,615
JumpStart,618
JumpEnd,637
LeftMoveStart,645
RightMoveEnd,646
RightMoveStart,656
JumpStart,658
JumpEnd,670
JumpStart,671
RightMoveStart,681
RightMoveStart,683
JumpEnd,685
RightMoveStart,685
RightMoveEnd,686
JumpStart,687
RightMoveStart,687
RightMoveEnd,688
RightMoveStart,689
RightMoveEnd,690
RightMoveStart,691
RightMoveEnd,692
JumpEnd,699
JumpStart,700
RightMoveStart,700
RightMoveEnd,701
RightMoveStart,702
RightMoveEnd,707
RightMoveEnd,710
JumpEnd,711
JumpStart,713
JumpEnd,728
RightMoveEnd,731
LeftMoveStart,738
RightMoveEnd,739
RightMoveStart,752
LeftMoveStart,762
JumpStart,764
JumpEnd,778
RightMoveStart,784
JumpStart,789
DeathByGap,796
JumpEnd,801
RightMoveStart,803
RightMoveStart,805
LeftMoveEnd,807
RightMoveStart,807
RightMoveEnd,808
RightMoveEnd,809
RightMoveEnd,810
RightMoveStart,811
JumpStart,812
RightMoveStart,813
RightMoveStart,815
RightMoveEnd,816
RightMoveEnd,816
RightMoveEnd,819
JumpEnd,823
RightMoveEnd,823
LeftMoveStart,825
RightMoveStart,830
RightMoveEnd,834
RightMoveStart,834
JumpStart,836
RightMoveStart,836
RightMoveStart,838
RightMoveEnd,839
RightMoveEnd,839
LeftMoveEnd,844
JumpEnd,847
RightMoveEnd,848
LeftMoveStart,857
RightMoveEnd,858
JumpStart,862
LeftMoveStart,874
JumpEnd,878
RightMoveStart,884
JumpStart,887
LeftMoveEnd,892
JumpEnd,897
LeftMoveEnd,898
LeftMoveEnd,900
LeftMoveStart,903
RightMoveStart,924
RightMoveStart,926
RightMoveStart,928
RightMoveEnd,929
RightMoveStart,930
RightMoveEnd,931
JumpStart,933
RightMoveEnd,933
RightMoveStart,935
JumpEnd,945
RightMoveEnd,948
RightMoveStart,951
LeftMoveEnd,952
RightMoveEnd,953
RightMoveStart,955
RightMoveStart,957
LeftMoveStart,959
RightMoveEnd,960
RightMoveEnd,960
JumpStart,965
RightMoveEnd,965
RightMoveEnd,970
JumpEnd,977
RightMoveStart,987
JumpStart,998
JumpEnd,1010
JumpStart,1013
RightMoveStart,1013
RightMoveStart,1015
JumpEnd,1023
RightMoveStart,1028
RightMoveEnd,1029
RightMoveStart,1030
RightMoveStart,1032
RightMoveEnd,1033
RightMoveStart,1034
RightMoveEnd,1035
RightMoveStart,1036
RightMoveEnd,1037
RightMoveEnd,1039
BlockCoinDestroy,1040
RightMoveEnd,1040
JumpStart,1041
LeftMoveEnd,1042
RightMoveEnd,1042
RightMoveEnd,1042
RightMoveStart,1042
RightMoveStart,1044
RightMoveEnd,1048
RightMoveEnd,1049
LeftMoveStart,1051
JumpEnd,1053
RightMoveStart,1062
JumpStart,1066
RightMoveStart,1068
JumpEnd,1079
LeftMoveStart,1082
RightMoveEnd,1085
RightMoveStart,1086
RightMoveEnd,1087
LeftMoveStart,1109
LeftMoveStart,1114
LeftMoveEnd,1116
RightMoveEnd,1126
RightMoveStart,1127
LeftMoveEnd,1131
LeftMoveEnd,1138
JumpStart,1142
StompKillGoomba,1150
LeftMoveEnd,1153
JumpEnd,1158
JumpStart,1166
JumpEnd,1178
RightMoveStart,1179
JumpStart,1180
RightMoveStart,1181
RightMoveStart,1183
RightMoveEnd,1184
JumpEnd,1192
RightMoveStart,1196
RightMoveEnd,1197
RightMoveStart,1198
RightMoveStart,1200
RightMoveEnd,1201
JumpStart,1202
RightMoveStart,1202
RightMoveEnd,1203
RightMoveStart,1204
RightMoveEnd,1205
RightMoveEnd,1210
JumpEnd,1219
RightMoveEnd,1219
RightMoveStart,1220
RightMoveEnd,1221
JumpStart,1222
RightMoveStart,1222
RightMoveStart,1224
RightMoveEnd,1225
RightMoveStart,1226
RightMoveEnd,1227
RightMoveEnd,1232
JumpEnd,1234
RightMoveEnd,1237
RightMoveStart,1258
RightMoveEnd,1259
RightMoveStart,1260
JumpStart,1262
RightMoveStart,1262
RightMoveEnd,1263
RightMoveStart,1264
RightMoveEnd,1265
RightMoveStart,1266
RightMoveEnd,1267
JumpEnd,1274
RightMoveStart,1275
JumpStart,1276
LittleStateStart,1276
RightMoveEnd,1276
RightMoveStart,1277
RightMoveStart,1279
RightMoveEnd,1280
RightMoveEnd,1285
JumpEnd,1288
RightMoveEnd,1291
RightMoveStart,1292
RightMoveEnd,1293
RightMoveStart,1294
RightMoveStart,1296
RightMoveEnd,1297
RightMoveEnd,1299
LeftMoveStart,1304
RightMoveEnd,1306
RightMoveStart,1310
JumpStart,1311
JumpEnd,1322
LeftMoveStart,1329
RightMoveEnd,1342
RightMoveStart,1342
JumpStart,1353
LeftMoveEnd,1366
JumpEnd,1373
RightMoveStart,1376
JumpStart,1378
RightMoveStart,1378
RightMoveStart,1380
RightMoveEnd,1381
RightMoveStart,1382
RightMoveEnd,1383
JumpEnd,1390
RightMoveStart,1391
JumpStart,1392
RightMoveEnd,1392
RightMoveStart,1393
RightMoveStart,1395
RightMoveEnd,1396
RightMoveEnd,1401
JumpEnd,1404
RightMoveEnd,1407
RightMoveEnd,1411
JumpStart,1439
LeftMoveStart,1441
RightMoveEnd,1442
JumpEnd,1451
RightMoveStart,1458
JumpStart,1472
JumpEnd,1488
LeftMoveEnd,1499
RightMoveStart,1513
JumpStart,1514
RightMoveStart,1515
RightMoveStart,1517
RightMoveEnd,1518
RightMoveStart,1519
RightMoveEnd,1520
JumpEnd,1524
JumpStart,1535
LeftMoveStart,1561
RightMoveEnd,1562
JumpEnd,1564
LeftMoveEnd,1569
RightMoveEnd,1569
RightMoveEnd,1571
RightMoveStart,1595
LeftMoveStart,1611
JumpStart,1636
JumpEnd,1644
LeftMoveEnd,1674
RightMoveEnd,1686
LeftMoveEnd,1708
RightMoveStart,2516
RunStateStart,2516
LittleStateEnd,2534
RunStateEnd,2534
RightMoveEnd,2565
WonLevel,3635
