Event,Time
LittleStateStart,0
StartLevel,0
RunStateStart,21
BlockCoinDestroy,38
BlockCoinDestroy,59
BlockPowerDestroy,64
BlockCoinDestroy,72
LeftMoveStart,83
BlockPowerDestroy,87
JumpStart,87
RightMoveStart,92
JumpEnd,95
BlockPowerDestroy,98
JumpStart,99
LeftMoveStart,105
JumpEnd,109
JumpStart,113
RightMoveStart,120
JumpEnd,121
JumpStart,127
LeftMoveEnd,128
LargeStateStart,131
LittleStateEnd,131
LeftMoveStart,150
RightMoveEnd,151
RightMoveStart,152
RightMoveEnd,159
JumpEnd,163
JumpStart,169
RightMoveStart,173
JumpEnd,176
JumpStart,190
LeftMoveEnd,191
RightMoveEnd,195
LeftMoveEnd,196
JumpEnd,202
LeftMoveStart,202
RightMoveEnd,202
RightMoveStart,204
JumpStart,206
RightMoveEnd,213
LeftMoveStart,217
JumpEnd,221
RightMoveEnd,222
RightMoveStart,222
JumpStart,225
RightMoveStart,233
JumpEnd,235
LeftMoveEnd,236
RightMoveEnd,247
RightMoveEnd,250
BlockPowerDestroy,252
JumpStart,254
LeftMoveEnd,255
JumpEnd,263
JumpStart,284
LeftMoveStart,292
RightMoveStart,295
JumpEnd,300
RightMoveEnd,302
JumpStart,305
RightMoveStart,313
JumpEnd,315
LeftMoveEnd,330
RightMoveEnd,352
RightMoveStart,355
RightMoveEnd,358
LeftMoveEnd,369
JumpStart,372
JumpEnd,389
LeftMoveEnd,389
JumpStart,392
JumpEnd,401
RightMoveEnd,418
LargeStateEnd,424
RunStateEnd,424
LittleStateStart,442
RunStateStart,442
StartLevel,442
RightMoveStart,463
BlockCoinDestroy,516
JumpStart,516
JumpEnd,524
JumpStart,531
LittleStateStart,539
StartLevel,539
RightMoveStart,540
JumpEnd,541
JumpStart,544
RightMoveStart,550
JumpEnd,552
JumpStart,555
DeathByGap,557
LeftMoveStart,558
JumpEnd,563
RightMoveStart,566
LargeStateStart,569
LittleStateEnd,569
JumpStart,592
JumpEnd,600
JumpStart,601
JumpStart,605
RightMoveStart,605
JumpEnd,608
RightMoveStart,610
RightMoveStart,613
RightMoveEnd,614
JumpEnd,615
JumpStart,618
JumpStart,621
JumpEnd,626
JumpStart,630
LeftMoveStart,633
JumpEnd,636
LargeStateStart,637
LeftMoveStart,637
LittleStateEnd,637
JumpStart,638
RightMoveEnd,639
RightMoveEnd,644
LeftMoveStart,652
JumpEnd,654
RightMoveStart,655
RightMoveStart,659
JumpStart,661
JumpEnd,668
RightMoveStart,669
JumpEnd,671
JumpStart,671
RightMoveEnd,671
LeftMoveEnd,673
RightMoveStart,675
JumpEnd,678
RightMoveEnd,681
JumpStart,686
JumpStart,692
LeftMoveStart,700
JumpEnd,702
LeftMoveStart,704
JumpEnd,707
JumpStart,709
RightMoveStart,710
LeftMoveEnd,711
RightMoveEnd,713
JumpStart,714
RightMoveEnd,715
RightMoveEnd,715
RightMoveEnd,719
JumpEnd,720
BlockCoinDestroy,723
JumpEnd,724
JumpStart,726
LeftMoveStart,727
JumpStart,730
JumpEnd,736
JumpEnd,736
RightMoveStart,738
JumpStart,742
LeftMoveStart,747
JumpStart,751
JumpEnd,752
RightMoveStart,754
LeftMoveEnd,757
DuckStart,762
LeftMoveEnd,764
JumpEnd,767
RightMoveEnd,767
LeftMoveStart,769
DuckEnd,770
JumpStart,770
RightMoveStart,772
LeftMoveEnd,775
RightMoveStart,778
JumpEnd,786
RightMoveEnd,793
JumpStart,795
LeftMoveEnd,796
JumpStart,797
LeftMoveEnd,799
RightMoveStart,803
JumpEnd,805
RightMoveEnd,805
JumpStart,807
JumpEnd,813
JumpEnd,813
JumpStart,818
RightMoveStart,821
JumpStart,823
LargeStateEnd,828
LeftMoveStart,828
JumpEnd,834
JumpStart,837
RightMoveEnd,837
RightMoveEnd,841
RightMoveEnd,842
RightMoveEnd,845
JumpEnd,847
RightMoveStart,850
JumpEnd,856
LeftMoveStart,857
JumpStart,858
LeftMoveStart,868
JumpEnd,874
JumpStart,890
RightMoveStart,894
JumpStart,900
LeftMoveEnd,904
JumpEnd,907
LeftMoveEnd,908
JumpStart,910
JumpEnd,919
RightMoveStart,919
JumpEnd,920
RightMoveEnd,926
RightMoveStart,930
JumpStart,935
JumpStart,942
JumpEnd,952
RunStateStart,954
JumpEnd,955
JumpStart,959
LargeStateEnd,963
RunStateEnd,963
LeftMoveStart,969
RightMoveStart,973
JumpEnd,975
JumpStart,979
RightMoveEnd,979
RightMoveStart,987
JumpEnd,989
LeftMoveEnd,989
RightMoveEnd,996
JumpStart,1006
RightMoveEnd,1019
JumpEnd,1022
JumpStart,1025
RightMoveEnd,1031
RightMoveStart,1033
RightMoveEnd,1034
JumpEnd,1035
JumpStart,1055
LeftMoveStart,1067
JumpEnd,1068
JumpStart,1071
JumpEnd,1077
RightMoveStart,1077
JumpStart,1083
RightMoveStart,1091
JumpEnd,1093
RightMoveEnd,1108
LeftMoveEnd,1113
JumpStart,1117
RightMoveStart,1125
JumpEnd,1127
JumpStart,1128
RightMoveEnd,1134
RightMoveEnd,1137
JumpEnd,1146
JumpStart,1150
RightMoveStart,1158
JumpEnd,1160
JumpStart,1164
LeftMoveEnd,1174
JumpEnd,1179
JumpStart,1183
RightMoveEnd,1190
JumpEnd,1201
JumpStart,1202
RightMoveStart,1207
JumpEnd,1214
JumpStart,1215
JumpEnd,1227
JumpStart,1229
RightMoveEnd,1235
FireStateStart,1243
JumpEnd,1243
RightMoveStart,1243
JumpStart,1245
JumpEnd,1264
JumpStart,1276
LeftMoveStart,1281
JumpEnd,1286
RightMoveEnd,1291
RightMoveStart,1291
JumpStart,1297
JumpEnd,1311
JumpStart,1312
RightMoveEnd,1316
JumpEnd,1327
JumpStart,1330
RightMoveStart,1335
JumpEnd,1342
JumpStart,1345
JumpEnd,1354
DeathByGap,1367
JumpStart,1373
RightMoveEnd,1377
JumpEnd,1387
JumpStart,1392
RightMoveStart,1397
JumpEnd,1403
JumpStart,1407
RightMoveStart,1410
JumpEnd,1416
JumpStart,1420
JumpEnd,1432
RightMoveEnd,1434
JumpStart,1435
JumpEnd,1454
RightMoveEnd,1464
RightMoveEnd,1467
JumpStart,1471
JumpEnd,1475
LeftMoveEnd,1504
RightMoveStart,1889
FireStateEnd,1890
RunStateEnd,1890
RightMoveEnd,1954
WonLevel,3008
