Event,Time
LittleStateStart,0
StartLevel,0
RightMoveStart,44
RunStateStart,75
RunStateEnd,83
JumpStart,88
RunStateStart,97
JumpEnd,100
RunStateEnd,103
JumpStart,128
RightMoveStart,128
RightMoveEnd,137
JumpEnd,144
RightMoveStart,157
BlockCoinDestroy,177
JumpStart,192
JumpEnd,200
RightMoveStart,206
BlockPowerDestroy,215
RightMoveEnd,228
RightMoveEnd,229
JumpStart,230
BlockCoinDestroy,231
JumpEnd,238
JumpStart,246
RunStateStart,250
RunStateEnd,252
JumpEnd,254
RightMoveStart,268
LargeStateStart,284
LittleStateEnd,284
LeftMoveStart,307
RightMoveEnd,310
LeftMoveStart,316
JumpStart,320
BlockCoinDestroy,321
JumpEnd,330
JumpStart,337
JumpEnd,343
RightMoveStart,344
LeftMoveEnd,352
RunStateStart,353
RightMoveEnd,368
RunStateEnd,369
RightMoveStart,370
JumpStart,371
RightMoveStart,372
RunStateStart,373
RightMoveEnd,375
RightMoveStart,375
JumpEnd,380
JumpStart,391
RunStateEnd,395
RightMoveEnd,397
RightMoveEnd,398
RunStateStart,398
LeftMoveStart,401
JumpEnd,403
RunStateEnd,404
RightMoveStart,412
RunStateStart,413
JumpStart,422
RightMoveStart,427
RunStateEnd,432
JumpEnd,434
RightMoveEnd,439
LeftMoveStart,441
RightMoveStart,450
RightMoveEnd,455
RunStateStart,455
JumpStart,456
RightMoveEnd,457
JumpEnd,469
JumpStart,470
RightMoveStart,478
JumpEnd,480
LeftMoveEnd,482
JumpStart,486
RightMoveEnd,490
LeftMoveEnd,496
LeftMoveStart,503
RightMoveStart,514
JumpEnd,518
JumpStart,521
RightMoveEnd,529
RightMoveStart,529
JumpEnd,531
RunStateEnd,534
DuckStart,537
DuckEnd,550
JumpStart,555
LeftMoveStart,557
RightMoveEnd,558
RunStateStart,558
LeftMoveStart,563
RunStateEnd,564
JumpEnd,565
RightMoveEnd,566
DuckStart,567
LeftMoveEnd,575
DuckEnd,581
DuckStart,583
LeftMoveEnd,586
DuckEnd,589
DuckStart,591
DuckEnd,594
LeftMoveStart,597
JumpStart,599
RunStateStart,602
LeftMoveEnd,615
JumpEnd,619
JumpStart,622
LeftMoveStart,630
JumpEnd,632
LeftMoveEnd,633
RunStateEnd,634
DuckStart,637
DuckEnd,642
RightMoveStart,645
JumpStart,648
LeftMoveEnd,655
JumpEnd,668
JumpStart,671
LeftMoveEnd,677
RightMoveStart,684
RightMoveStart,686
RightMoveStart,688
JumpEnd,689
RightMoveEnd,689
JumpStart,690
RightMoveStart,690
RightMoveEnd,691
RightMoveStart,692
RightMoveEnd,693
RightMoveStart,694
RightMoveEnd,695
RightMoveStart,696
RightMoveEnd,697
RightMoveStart,698
RightMoveEnd,699
JumpEnd,700
DuckStart,704
DuckEnd,716
LeftMoveStart,718
RightMoveEnd,719
RightMoveEnd,724
DuckStart,725
DuckEnd,731
DuckStart,734
DuckEnd,736
LeftMoveStart,741
DuckStart,746
DuckEnd,748
DuckStart,750
DuckEnd,752
RightMoveStart,756
LeftMoveEnd,773
JumpStart,792
RightMoveEnd,799
JumpEnd,807
LeftMoveEnd,815
JumpStart,832
RunStateStart,835
LeftMoveStart,837
LeftMoveStart,840
JumpEnd,842
RunStateEnd,844
JumpStart,849
RightMoveStart,855
LeftMoveEnd,857
JumpEnd,865
RunStateStart,865
LeftMoveStart,869
RunStateEnd,870
JumpStart,879
RightMoveStart,879
JumpEnd,889
RightMoveEnd,894
RunStateStart,895
JumpStart,904
LeftMoveEnd,907
BlockCoinDestroy,918
JumpEnd,918
RightMoveStart,928
JumpStart,934
LeftMoveEnd,935
RunStateEnd,937
JumpEnd,940
LeftMoveStart,943
JumpStart,946
RunStateStart,948
RightMoveEnd,950
JumpEnd,952
RunStateEnd,955
StompKillGreenKoopa,960
UnleashShell,963
JumpStart,964
RightMoveStart,966
RightMoveEnd,967
RunStateStart,970
RunStateEnd,974
RunStateStart,976
RunStateEnd,977
RightMoveStart,978
RightMoveStart,987
RightMoveStart,989
JumpEnd,991
RightMoveEnd,991
RightMoveEnd,997
RightMoveEnd,998
JumpStart,1005
RunStateStart,1009
RunStateEnd,1011
RunStateStart,1013
JumpEnd,1015
RightMoveEnd,1015
RunStateEnd,1015
RunStateStart,1032
RunStateEnd,1034
LeftMoveStart,1035
RightMoveEnd,1036
LeftMoveEnd,1039
JumpStart,1042
BlockCoinDestroy,1046
RightMoveStart,1049
RightMoveStart,1053
JumpEnd,1055
JumpStart,1062
JumpEnd,1068
LeftMoveStart,1069
RightMoveEnd,1072
BlockPowerDestroy,1073
JumpStart,1076
RightMoveStart,1080
RightMoveStart,1082
RightMoveStart,1084
JumpEnd,1085
RightMoveEnd,1085
JumpStart,1089
JumpEnd,1095
RightMoveEnd,1108
RightMoveEnd,1112
LeftMoveEnd,1113
RunStateStart,1114
LeftMoveStart,1118
RunStateEnd,1118
RightMoveEnd,1119
JumpStart,1127
RightMoveStart,1130
JumpEnd,1137
LeftMoveEnd,1140
RunStateStart,1141
LeftMoveStart,1143
JumpStart,1145
FireStateStart,1150
LargeStateEnd,1150
RunStateEnd,1155
RightMoveStart,1170
RunStateStart,1175
LeftMoveEnd,1178
FireKillGoomba,1180
RunStateEnd,1181
JumpEnd,1182
RightMoveStart,1182
RunStateStart,1186
RightMoveEnd,1188
RunStateEnd,1190
LeftMoveEnd,1194
RunStateStart,1194
FireKillGoomba,1196
RunStateEnd,1197
JumpStart,1198
RunStateStart,1201
LeftMoveStart,1205
RunStateEnd,1210
JumpEnd,1211
FireKillGoomba,1213
RightMoveEnd,1214
RunStateStart,1216
RightMoveStart,1218
RunStateEnd,1218
RightMoveEnd,1219
RunStateStart,1220
RunStateEnd,1222
RunStateStart,1224
RunStateEnd,1227
RunStateStart,1230
RunStateEnd,1232
RunStateStart,1236
FireKillGoomba,1237
RunStateEnd,1238
RunStateStart,1242
RunStateEnd,1245
RunStateStart,1251
RunStateEnd,1253
RightMoveStart,1265
RightMoveEnd,1266
RunStateStart,1275
LeftMoveEnd,1279
RunStateEnd,1280
JumpStart,1293
RunStateStart,1298
RunStateEnd,1302
RightMoveStart,1305
JumpEnd,1306
LeftMoveStart,1313
JumpStart,1319
RightMoveStart,1325
JumpEnd,1335
LeftMoveStart,1341
BlockCoinDestroy,1343
JumpStart,1343
RightMoveStart,1350
RightMoveEnd,1351
RightMoveEnd,1352
JumpEnd,1353
RightMoveEnd,1353
JumpStart,1359
RunStateStart,1366
LeftMoveStart,1369
JumpEnd,1370
LeftMoveEnd,1371
RunStateEnd,1371
RightMoveStart,1379
RunStateStart,1392
JumpStart,1393
RightMoveEnd,1393
RunStateEnd,1403
JumpEnd,1405
LeftMoveEnd,1406
JumpStart,1411
RightMoveStart,1414
JumpEnd,1423
JumpStart,1426
LeftMoveEnd,1432
RightMoveEnd,1432
JumpEnd,1441
RunStateStart,1446
JumpStart,1460
RightMoveStart,1463
JumpEnd,1470
JumpStart,1475
RightMoveStart,1478
JumpEnd,1483
JumpStart,1486
RightMoveEnd,1493
JumpEnd,1503
JumpStart,1506
RightMoveStart,1510
JumpEnd,1516
RightMoveEnd,1519
RightMoveEnd,1519
FireStateEnd,1527
RunStateEnd,1527
StompKillGoomba,1540
JumpStart,1553
BlockCoinDestroy,1558
LeftMoveStart,1558
LeftMoveStart,1567
JumpEnd,1568
JumpStart,1574
JumpEnd,1580
RightMoveStart,1581
LeftMoveEnd,1589
RightMoveEnd,1589
JumpStart,1600
RunStateStart,1605
JumpEnd,1614
JumpStart,1625
RightMoveStart,1628
JumpEnd,1637
JumpStart,1641
RightMoveStart,1644
JumpEnd,1651
RunStateEnd,1651
RunStateStart,1658
JumpStart,1659
RunStateEnd,1664
RightMoveEnd,1667
RightMoveStart,1668
JumpEnd,1671
JumpStart,1680
RunStateStart,1682
RightMoveEnd,1685
RunStateEnd,1685
RightMoveEnd,1688
JumpEnd,1693
RightMoveStart,1693
RightMoveEnd,1701
JumpStart,1703
RunStateStart,1703
RunStateEnd,1704
RightMoveStart,1706
RunStateStart,1706
RunStateEnd,1707
JumpEnd,1714
LeftMoveStart,1718
RightMoveEnd,1719
LeftMoveStart,1728
RightMoveEnd,1730
RightMoveStart,1738
JumpStart,1743
LeftMoveEnd,1747
RightMoveStart,1747
LeftMoveEnd,1753
JumpEnd,1755
RightMoveEnd,1765
JumpStart,1770
RightMoveEnd,1772
JumpEnd,1785
LeftMoveEnd,1878
LargeStateStart,3330
RunStateStart,3563
RightMoveStart,3566
LargeStateEnd,3588
RunStateEnd,3588
RightMoveEnd,3604
WonLevel,4616
